id,site,job_url,job_url_direct,title,company,location,date_posted,job_type,salary_source,interval,min_amount,max_amount,currency,is_remote,job_level,job_function,listing_type,emails,description,company_industry,company_url,company_logo,company_url_direct,company_addresses,company_num_employees,company_revenue,company_description,skills,experience_range,company_rating,company_reviews_count,vacancy_count,work_from_home_type,skipped,skip_reason,match
in-f611d8696a80254c,indeed,https://at.indeed.com/viewjob?jk=f611d8696a80254c,https://jobs.boehringer-ingelheim.com/job-invite/37449/?locale=en_US,"Principal Scientist (m/f/d) Pathology, 3 year fixed-term",Boehringer Ingelheim,"Wien, W, AT",2026-09-16,fulltime,,,,,,True,,,,,"**The position**
----------------

We are seeking a highly qualified Pathologist to provide expert pathology review and support oncology pre‑clinical studies and clinical trials, serving as a subject matter expert for oncology assets and a key contributor to cross‑functional teams. The role involves supporting assay development using advanced pathology and molecular techniques, including IHC, multiplex immunofluorescence, mRNA in situ hybridization, and digital pathology, to ensure clinical relevance and innovation. In addition, the 3 year fixed-term position drives continuous improvement in pathology workflows and advises leadership on future pathology and translational research strategies.

**Tasks & responsibilities**
----------------------------

* Provide expert pathology review and slide interpretation for oncology pre‑clinical studies and clinical trial activities, serving as a pathology subject matter expert for oncology assets.
* Represent pathology on cross‑functional project teams, contributing to pathology‑related scientific decisions and strategic direction.
* Support research and development of primary antibodies, detection systems, probes, and special stains, ensuring alignment with clinical and translational goals.
* Contribute to the development and validation of novel assays using advanced platforms, including multiplex immunofluorescence (e.g., Comet), immunohistochemistry, mRNA in situ hybridization, and digital pathology.
* Drive innovation in molecular pathology and translational research through close collaboration with scientific teams to ensure clinical relevance and robust assay performance.

**Requirements**
----------------

* M.D. or D.V.M. degree with completion of an accredited Pathology Residency Training program.
* Board Certification in Anatomic Pathology (EU or USA) is preferred.
* Fellowship training with a minimum of one year of post‑training experience in clinical practice and/or industry.
* Demonstrated experience in immunohistochemistry, multiplex immunofluorescence, and molecular pathology.
* Experience with exploratory or translational assays in clinical trial settings is highly advantageous.

Please note that employment takes place via one of our external partners. The employment takes place exclusively at Boehringer Ingelheim RCV GmbH & Co KG.

**Your Benefits**
-----------------

* **Flexible working time models:** home office and flexible working hours, depending on department and position – many things are possible with us.
* **Additional days off (“bridge-days”):** more free time through additional days off to bridge single working days between bank holidays and the weekend – without having to use vacation days.
* **Canteen & Cafeteria:** whether it's coffee and croissant for breakfast, various lunch menus or snacks in between – our subsidized staff restaurant & cafeteria has something for every taste including vegetarian and vegan options.
* **Learning & development:** diverse training and development opportunities for your personal and professional growth. Because: you never stop learning.
* **Health promotion:** health is important to us – that's why we offer different programs to promote physical and mental health.
* **Public transport ticket:** we encourage our employees to use public transport on their daily way to work. Costs for public transport? We cover them!

The remuneration for this position starts at EUR 90.900 gross annual target salary per year (full time). The actual salary package depends on professional experience and qualifications. We will be happy to discuss further details in person.

**We are looking forward to receiving your application online!**
----------------------------------------------------------------

By uploading your application documents via our application portal, we can treat your data confidentially and in compliance with the GDPR.

Do you have any additional questions about the position? Your HR Recruiting Manager for this position is Magdalena Dzieweczyńska.

On our career site you will find further information about Boehringer Ingelheim as an employer as well as information about the application process and our different departments.

Would you like to know what makes our employees special? What they tell about their motivation and their everyday work? Watch this video and hear for yourself what our colleagues have to share.",,https://at.indeed.com/cmp/Boehringer-Ingelheim,https://d2q79iu7y748jz.cloudfront.net/s/_squarelogo/256x256/1b3f937deb5469013e9bb3249cde5b2b,https://www.boehringer-ingelheim.com/,Ingelheim am Rhein,"10,000+",$25M to $100M (USD),Passionate and talented people who are committed every day to making more health for our patients – both human and animal.,,,,,,,1,0%,0
in-ea69ee8dfe752a54,indeed,https://at.indeed.com/viewjob?jk=ea69ee8dfe752a54,https://jobs.boehringer-ingelheim.com/job-invite/37374/?locale=en_US,"Lab Scientist (m/f/d) Oncology, 2 year fixed-term",Boehringer Ingelheim,"Wien, W, AT",2026-09-15,fulltime,,,,,,True,,,,,"**The position**
----------------

We are seeking a skilled Research Laboratory Scientist to join the Cancer Cell Targeting Department at Boehringer Ingelheim on a 2-year fixed-term contract. In this role, you will support the discovery and characterization of innovative biotherapeutics, contributing directly to cutting-edge drug discovery efforts. This position offers a unique opportunity to make a meaningful impact on the development of novel cancer therapies and advance scientific innovation in oncology.

**Tasks & responsibilities**
----------------------------

* Support the discovery and characterization of novel antibody-based therapeutics and innovative oncology drug candidates.
* Independently plan, coordinate, execute, analyse, and document in vitro experiments.
* Continuously develop, optimize, and troubleshoot novel methods and techniques to ensure efficient and reliable experimental outcomes.
* Apply fundamental scientific principles, conduct literature reviews, and implement published protocols.
* Manage laboratory infrastructure by maintaining equipment, coordinating reagent procurement, overseeing inventory, and ensuring an organized and efficient working environment.

**Requirements**
----------------

* Relevant education (e.g., a Bachelor’s or Master’s degree in Biology or a related discipline) and ideally at least one year of laboratory experience.
* Hands-on experience with in vitro cell viability assays (2D and 3D), organoid cultures, primary human immune cells (particularly macrophages), high-content imaging and analysis using OPERA/OPERA Phenix systems, flow cytometry, genome editing (CRISPR/Cas9), and molecular biology techniques is considered an advantage, as is a strong understanding of current concepts in cancer research.
* Strong team spirit, excellent communication and presentation skills, as well as outstanding data analysis and data management capabilities.
* Self-organized and independent working style, combined with creative thinking and a lateral-thinking mindset.

**Your Benefits**
-----------------

* **Flexible working time models:** home office and flexible working hours, depending on department and position – many things are possible with us.
* **Additional days off (“bridge-days”):** more free time through additional days off to bridge single working days between bank holidays and the weekend – without having to use vacation days.
* **Canteen & Cafeteria:** whether it's coffee and croissant for breakfast, various lunch menus or snacks in between – our subsidized staff restaurant & cafeteria has something for every taste including vegetarian and vegan options.
* **Learning & development:** diverse training and development opportunities for your personal and professional growth. Because: you never stop learning.
* **Health promotion:** health is important to us – that's why we offer different programs to promote physical and mental health.
* **Public transport ticket:** we encourage our employees to use public transport on their daily way to work. Costs for public transport? We cover them!

The remuneration for this position starts at EUR 53.900 gross annual target salary per year (full time). The actual salary package depends on professional experience and qualifications. We will be happy to discuss further details in person.

**We are looking forward to receiving your application online!**
----------------------------------------------------------------

By uploading your application documents via our application portal, we can treat your data confidentially and in compliance with the GDPR.

Do you have any additional questions about the position? Your HR Recruiting Manager for this position is Magdalena Dzieweczyńska

On our career site you will find further information about Boehringer Ingelheim as an employer as well as information about the application process and our different departments.

Would you like to know what makes our employees special? What they tell about their motivation and their everyday work? Watch this video and hear for yourself what our colleagues have to share.",,https://at.indeed.com/cmp/Boehringer-Ingelheim,https://d2q79iu7y748jz.cloudfront.net/s/_squarelogo/256x256/1b3f937deb5469013e9bb3249cde5b2b,https://www.boehringer-ingelheim.com/,Ingelheim am Rhein,"10,000+",$25M to $100M (USD),Passionate and talented people who are committed every day to making more health for our patients – both human and animal.,,,,,,,1,0%,0
in-46b1bcd2b23220ba,indeed,https://at.indeed.com/viewjob?jk=46b1bcd2b23220ba,https://jobs.univie.ac.at/job/University-Assistant-PraeDoc-in-the-research-area-of-Geoecology/1435596033/,University Assistant PraeDoc in the research area of Geoecology,Universität Wien,"Wien, W, AT",2026-09-10,fulltime,,,,,,True,,,,stephan.glatzel@univie.ac.at,"**#jobreq\\_print\\_container div div div:** first-child h2 { display: none; }
  
  
The University of Vienna is a community of almost 11,000 individuals, including approximately 7,700 academic staff members, who passionately pursue answers to the profound questions that shape our future. They represent individuals driven by curiosity and a relentless pursuit of excellence. With us, they find the space to try things out and unfold their potential. Are you inspired by their passion and determination? We are currently seeking a/an
  
  
University Assistant PraeDoc in the research area of Geoecology
  
  
53 Faculty of Earth Sciences, Geography and Astronomy
  
  
**Job vacancy starting:** 11/01/2026 | Working hours: 30.00 | Classification CBA: §48 VwGr. B1 Grundstufe (praedoc)
  
  
**Limited contract until:** 10/31/2030
  
  
**Job ID:** 6101
  
  
**.headerContent + div div div:** first-child { display: none; } .jobListingBodyTitle { display: none !important; }
  
  
Explore and teach at the University of Vienna, where more than 7,500 academics thrive on curiosity in continuous exploration and help us better understand our world. Does this sound like you? Then join our accomplished team!
  
  
**Your personal sphere of influence:**  
We are seeking a pre-doctoral scientist in the field of geoecology to strengthen research and teaching on the ecological functioning of wetlands. This includes the contributing to the group’s research profile and to research on soil formation in wetland habitats.
  
  
**Your future tasks:**  
You will actively participate in research, teaching, and administration, which means:
  
  
While your primary focus will be on research, your work will also include teaching and administrative duties.
  
Writing a dissertation on soil formation in wetlands (e.g., the reed beds of Lake Neusiedl)
  
Publishing articles in high-impact international journals and presenting at international conferences
  
Independent teaching in accordance with the collective bargaining agreement
  
Participation in the activities of the research group and the department
  
Contributing to the preparation of research projects and the acquisition of external funding.
  
Participating in scientific studies, publication projects, and presentations.
  
You will become an active member of the “Vienna International School of Earth and Space Sciences” (VISESS) doctoral school.
  
  
**This is part of your personality:**  
We are seeking a candidate with an MSc / diploma in a natural science discipline and expertise in a relevant research area such as physical geography, geoecology, or soil science, who will complement the existing strengths of the geoecology group. The successful candidate will have
  
  
Proven knowledge of soil science, fire ecology, and reed ecology
  
Proven knowledge of data analysis and programming (R applications or comparable programming languages)
  
Proven ability to publish articles in scientific journals
  
Determination and commitment to scientific excellence
  
Willingness and ability to drive to field sites (possession of an appropriate driving licence) and when necessary, to work long hours on-site even under adverse conditions
  
Fluency in English and German
  
  
**What we offer:**  
**Work-life balance:** Our employees enjoy flexible working hours and can partially work remotely (within Austria / ""telework"").
  
  
**Inspiring working atmosphere:** You are a part of an international academic team in a healthy and fair working environment.
  
  
**Good public transport connections:** Your workplace is easily accessible by public transport.
  
  
**Internal further training & Coaching:** Opportunity to deepen your skills on an ongoing basis. There are over 600 courses to choose from – free of charge.
  
  
**Fair salary:** The basic salary of EUR 3.776,10 (on a full-time basis / 14 times a year / amount as of 1 January 2026) increases if we can credit professional experience.
  
  
**Equal opportunities for all:** We welcome every additional/new personality to the team!
  
  
**Employment contract:** The contract term for employment is 4 years. Initially limited to 1.5 years, the employment relationship is automatically extended to 4 years unless the employer issues a notice of non-renewal within the first 12 months.
  
  
**It is that easy to apply:**  
With your scientific curriculum vitae / cover letter
  
With your summary of research interests / ideas for a prospective doctoral project proposal
  
Master Degree / Diploma
  
Via our job portal/ Apply now - button
  
  
**If you have any questions, please contact:**  
Stephan Glatzel
  
  
stephan.glatzel@univie.ac.at
  
  
We look forward to new personalities in our team!
  
The University of Vienna has an anti-discriminatory employment policy and attaches great importance to equal opportunities, the advancement of women and diversity. We place particular emphasis on enhancing women’s representation among the academic and general university staff, particularly in leadership roles, and therefore expressly encourage qualified women to apply. Given equal qualifications, preference will be given to female candidates.
  
  
University of Vienna. Space for personalities. Since 1365.
  
  
Data protection
  
**Application deadline:** 09/30/2026",,https://at.indeed.com/cmp/Universit%C3%A4t-Wien,https://d2q79iu7y748jz.cloudfront.net/s/_squarelogo/256x256/432add9e1af894a924cf76ffdd25a35c,https://www.univie.ac.at,"WIEN, AU","5,001 to 10,000",$500M to $1B (USD),,,,,,,,1,german,
in-6eb6c2a7e64883c6,indeed,https://at.indeed.com/viewjob?jk=6eb6c2a7e64883c6,https://jobs.univie.ac.at/job/University-assistant-predoctoral-in-the-research-area-of-Geoecology/1435597233/,University assistant predoctoral in the research area of Geoecology,Universität Wien,"Wien, W, AT",2026-09-10,fulltime,,,,,,True,,,,stephan.glatzel@univie.ac.at,"**#jobreq\\_print\\_container div div div:** first-child h2 { display: none; }
  
  
The University of Vienna is a community of almost 11,000 individuals, including approximately 7,700 academic staff members, who passionately pursue answers to the profound questions that shape our future. They represent individuals driven by curiosity and a relentless pursuit of excellence. With us, they find the space to try things out and unfold their potential. Are you inspired by their passion and determination? We are currently seeking a/an
  
  
University assistant predoctoral in the research area of Geoecology
  
  
53 Faculty of Earth Sciences, Geography and Astronomy
  
  
**Job vacancy starting:** 11/01/2026 | Working hours: 30.00 | Classification CBA: §48 VwGr. B1 Grundstufe (praedoc)
  
  
**Limited contract until:** 10/31/2030
  
  
**Job ID:** 6103
  
  
**.headerContent + div div div:** first-child { display: none; } .jobListingBodyTitle { display: none !important; }
  
  
Explore and teach at the University of Vienna, where more than 7,500 academics thrive on curiosity in continuous exploration and help us better understand our world. Does this sound like you? Then join our accomplished team!
  
  
**Your personal sphere of influence:**  
We are seeking a pre-doctoral scientist in the field of geoecology to strengthen research and teaching on the ecological functioning of wetlands. This includes the integration into the group’s research profile and the use of the group’s existing eddy covariance infrastructure (eddy covariance towers equipped with carbon dioxide, water vapor, and methane sensors).
  
  
**Your future tasks:**  
You will actively participate in research, teaching, and administration, which means:
  
  
While your primary focus will be on research, your work will also include teaching and administrative duties.
  
Writing a dissertation on greenhouse gas exchange in wetlands in the reed belt of Lake Neusiedl and the Pürgschachen Moor
  
Publishing articles in high-impact international journals and presenting at international conferences
  
Independent teaching in accordance with the collective bargaining agreement
  
Participation in the activities of the research group and the deparrtment
  
Contributing to the preparation of research projects and the acquisition of external funding
  
Participating in scientific studies, publication projects, and presentations.
  
You will become an active member of the “Vienna International School of Earth and Space Sciences” (VISESS) doctoral school.
  
  
**This is part of your personality:**  
We are seeking a candidate with an MSc / diploma in a natural science discipline and expertise in a relevant research area such as biometeorology, geoecology, soil science, or plant ecophysiology, who will complement the existing strengths of the geoecology group. The successful candidate will have:
  
  
Proven skills in data analysis and programming (R-applications or comparable programming languages) using large datasets
  
Determination and commitment to scientific excellence
  
Willingness and ability to drive to field sites (possession of an appropriate driving licence) and when necessary, to work long hours on-site even under adverse conditions
  
Fluency in English and German
  
  
**What we offer:**  
**Work-life balance:** Our employees enjoy flexible working hours and can partially work remotely (within Austria / ""telework"").
  
  
**Inspiring working atmosphere:** You are a part of an international academic team in a healthy and fair working environment.
  
  
**Good public transport connections:** Your workplace is easily accessible by public transport.
  
  
**Internal further training & Coaching:** Opportunity to deepen your skills on an ongoing basis. There are over 600 courses to choose from – free of charge.
  
  
**Fair salary:** The basic salary of EUR 3.776,10 (on a full-time basis / 14 times per year / amount as of 1 January 2026) increases if we can credit professional experience.
  
  
**Equal opportunities for all:** We welcome every additional/new personality to the team!
  
  
**Employment contract:** The contract term for employment is 4 years. Initially limited to 1.5 years, the employment relationship is automatically extended to 4 years unless the employer issues a notice of non-renewal within the first 12 months.
  
  
**It is that easy to apply:**  
With your scientific curriculum vitae / cover letter
  
With your summary of research interests
  
Master Degree / Diploma
  
Via our job portal/ Apply now - button
  
  
**If you have any questions, please contact:**  
Stephan Glatzel
  
  
stephan.glatzel@univie.ac.at
  
  
We look forward to new personalities in our team!
  
The University of Vienna has an anti-discriminatory employment policy and attaches great importance to equal opportunities, the advancement of women and diversity. We place particular emphasis on enhancing women’s representation among the academic and general university staff, particularly in leadership roles, and therefore expressly encourage qualified women to apply. Given equal qualifications, preference will be given to female candidates.
  
  
University of Vienna. Space for personalities. Since 1365.
  
  
Data protection
  
**Application deadline:** 09/30/2026",,https://at.indeed.com/cmp/Universit%C3%A4t-Wien,https://d2q79iu7y748jz.cloudfront.net/s/_squarelogo/256x256/432add9e1af894a924cf76ffdd25a35c,https://www.univie.ac.at,"WIEN, AU","5,001 to 10,000",$500M to $1B (USD),,,,,,,,1,german,
in-1494f82d4840148f,indeed,https://at.indeed.com/viewjob?jk=1494f82d4840148f,https://t.gohiring.com/h/eaa7d4436326a4c8c302a76147455d2c20054df2e9998cc556b89f66847168ba?source=Indeed,Lead Scientist - Functional Immunology*,Bio-LogX FlexCo,"Wien, W, AT",2026-09-10,fulltime,,,,,,False,,,,,"#### **Your mission**

As Lead Scientist – Functional Immunology you will join our research team in Vienna and help us bring next generation drugs from the bench into the clinic. In this position you will design, establish and execute functional assays, analyze and interpret data, and contribute to the translational evidence package supporting clinical proof-of-concept studies.  
  
Your main responsibilities will be:

* **In-house assay development.** Design, optimize, and execute *in vitro* functional assays to evaluate the activity of lead molecules and generate data to support mode of action studies and drug candidate selection, including immune and tumor cell co-culture systems for functional studies, T-cell activation assays and cytokine release assays
* **Cytokine biology.** Evaluate cytokine-mediated biological activity and support head-to-head selection of engineered cytokine variants, including JAK/STAT activation assays and receptor-bias characterization as well as T-cell activation assays
* **Mechanism-of-action and target-engagement studies.** Develop and execute *in vitro* studies to characterize target engagement, pharmacological profiling, and downstream biological responses of lead molecules.
* **CRO coordination.** Coordinate and oversee studies conducted with CRO partners, including *In vivo* efficacy models (e.g. humanized and knock-in mouse models) and e*x vivo* translational models (patient tumor fragments / organoids).
* **Data interpretation and communication.** Analyze and interpret the data, present it to the project team and management, and contribute to study design and program strategy.
* **Supervision and mentoring of lab technicians**

#### **Your profile**

**What you have to offer:**

  

* PhD in Immunology, Oncology, Cell Biology, or a related field.
* At least 3 years of relevant work experience following your PhD (preferably in a biotech or pharma setting).
* Hands-on expertise in immune-cell biology and cellular assay development.
* Practical experience with primary human immune cells, dendritic cells and T cells, multicolor flow cytometry, cytokine analysis, and functional immunology assays.
* Experience working with CROs and external collaborators.
* Good organizational, communication, and data-interpretation skills, and the ability to work well within a small team.
* Track record of scientific excellence, including publications and patent applications.
* Proficiency in English (written and spoken).
* **Strong candidates will also offer one or more of the following:**
  + Experience with co-culture/tri-culture systems (e.g. dendritic cell–T cell–tumor).
  + Experience in early-stage drug discovery and preclinical development.
  + Familiarity with cytokine/cytokine-mutein biology, JAK/STAT signaling, and Treg vs. effector readouts.
  + Experience with *ex vivo* patient-tissue or organoid models.

#### **Why us?**

**Benefits for you.**

  

* Take responsibility for a key research field within Bio-LogX and bring new immunology based treatments to patients
* Lead and develop a team of highly skilled researchers and work closely with our bio-informatics, generative protein design and disease modeling teams.
* Pioneer new methods and processes to industrialize key research techniques.
* Be part of a highly motivated, multinational and fun team that believes protein based modalities can become next-generation medicines for patients.
* A **competitive compensation package that reflects the qualifications and seniority of the candidate** and may include further, e.g. performance-based, incentives. *Due to legal requirements, we are required to state that the* *minimum* *salary for this job is a monthly salary of EUR 4.500,- gross, where candidates with extensive experience can expect to earn EUR 5.500,- and more.*

#### **About us**

Bio-LogX FlexCo (currently being renamed to Sameric Bio), based at the Vienna Biocenter, is a VC-backed therapeutic engine. We develop drug candidates from animal to clinical proof of concept – always with the ambition to transform the standard of care. We are agnostic about therapeutic area but focus on protein modalities: antibodies, enzymes, fusions, engagers, degraders, agonists, antagonists.",,https://at.indeed.com/cmp/Bio--logx-Flexco,,,,,,,,,,,,,1,0%,0
in-5d9caf83888a0a32,indeed,https://at.indeed.com/viewjob?jk=5d9caf83888a0a32,https://jobs.univie.ac.at/job/Senior-Scientist-for-Photonic-Quantum-Computing/1434745533/,Senior Scientist for Photonic Quantum Computing,Universität Wien,"Wien, W, AT",2026-09-08,,,,,,,True,,,,philip.walther@univie.ac.at,"**#jobreq\\_print\\_container div div div:** first-child h2 { display: none; }
  
  
At the University of Vienna almost 11,000 personalities work together towards answering the big questions of the future. Around 7,700 of them do research and teaching, around 3,000 work in administration and organisation. We are looking for a/an
  
  
Senior Scientist for Photonic Quantum Computing
  
  
51 Faculty of Physics
  
  
**Job vacancy starting:** 10/15/2026 | Working hours: 40.00 | Classification CBA: §48 VwGr. B1 lit. b (postdoc)
  
  
**Limited contract until:**  
**Job ID:** 6153
  
  
How can we perform table-top experiments to obtain new insights into the foundations of quantum physics? Can we measure gravitational effects on entangled photons for shining light onto the interface of quantum physics and gravity? Can we exploit quantum photonics technology for novel quantum machine learning, quantum computing and quantum cybersecurity applications? Can we scale-up multiphoton platforms by using integrated optics, quantum-dot single-photon sources and customized two-dimensional nonlinear materials? Such questions are the driving force behind our research. You will be part of our team and develop new ideas, technologies and experiments.
  
  
**Your professional field of activity:**  
The research group “Quantum Information Science and Quantum Computation”, led by Univ.- Prof. Dr. Philip Walther, is part of the Quantum Science Group at the Faculty of Physics, and member of the Vienna Center for Quantum Science and Technology (VCQ) – one of the largest quantum hubs in Europe – and the Austrian Cluster of Excellence quanta. The group’s research combines the development of scalable photonic quantum technology for quantum computing and other quantum information applications with the investigation of fundamental quantum science questions. The main activities range from quantum control of single photons using solid-state photon sources, integrated waveguide technology, tailored nonlinear media and detectors based on superconductor technology to interferometric precision measurements of weak gravitational forces.
  
For our further reinforcement we are looking for a Senior Scientist that supports in particular the research on experimental photonic quantum computing with quantum-dot single-photon sources. The position is currently limited to 1 year with the possibility of subsequent unlimited employment.
  
  
**Your future tasks:**  
Active participation in research, teaching & administration, which means:
  

* You develop and strengthen an independent research profile.
* You are involved in research projects/research studies.
* You publish international and give presentations.
* You are responsible for project applications and the acquisition of third-party funding.
* You hold courses independently as defined by the collective agreement.
* You (co-)supervise bachelor, master, and PhD students, and you independently propose bachelor, master, and PhD projects to this end.
* You participate in evaluation measures and quality assurance.
* You are involved in the department administration as well as in teaching and research administration.

**This is part of your personality:**  

* You have completed a Doctoral degree/PhD degree in physics.
* You have more than 2 years’ experience as a Postdoctoral researcher in experimental quantum optics and quantum computation.
* You have profound expertise in experiments with quantum-dot single-photon sources, multi-photon quantum information processing, integrated quantum photonics and time-bin interferometry.
* Your research competence and initiative are proven through international publications (in renowned, subject-relevant, peer-reviewed media).
* You have a high ability to express yourself clearly and effectively, both orally and in writing.
* You have excellent command of written and spoken English.
* You ideally have teaching experience and are motivated to communicate knowledge to students.
* You ideally have experience with Python, LaTeX and MATLAB.
* You ideally have experience with superconducting nanowire single-photon detectors and high-speed electronic.
* You ideally have experience in project application.
* You have the ability to work independently and collaboratively and handle several concurrent, fast-paced projects.

**What we offer:**  

* Work-life balance: Our employees enjoy flexible working hours, remote/hybrid and/or part-time work (upon agreement).
* Inspiring working atmosphere: You are part of an international academic team with excellent research infrastructure in a relaxed working environment.
* Good public transport connections: Your new workplace in the center of Vienna is easily accessible by public transport.
* Internal further training & Coaching: Opportunity to deepen your skills on an ongoing basis. There are over 600 courses to choose from – free of charge.
* Fixed-term contract and adequate salary: The basic salary of EUR 5.014,30 (14 times a year for senior scientists postdoctoral). The actual salary is finally determined depending on professional experience and qualification.
* Equal opportunities for all: We welcome every additional/new personality to the team!

**It is that easy to apply:**  
**Please prepare your application which includes:**  

* Letter of motivation
* Academic curriculum vitae (including a list of publications, a list of courses taught and a list of talks given)
* Description of research interests and research agenda
* Doctoral degree
* Contact details of 2 people who could provide a letter of reference

Via our job portal/ Apply now - button
  
  
**If you have any content questions, please contact:**  
Philip Walther
  
  
philip.walther@univie.ac.at
  
  
We look forward to new personalities in our team!
  
The University of Vienna has an anti-discriminatory employment policy and attaches great importance to equal opportunities, the advancement of women and diversity. We place particular emphasis on enhancing women’s representation among the academic and general university staff, particularly in leadership roles, and therefore expressly encourage qualified women to apply. Given equal qualifications, preference will be given to female candidates.
  
  
University of Vienna. Space for personalities. Since 1365.
  
  
Data protection
  
  
**Application deadline:** 09/29/2026",,https://at.indeed.com/cmp/Universit%C3%A4t-Wien,https://d2q79iu7y748jz.cloudfront.net/s/_squarelogo/256x256/432add9e1af894a924cf76ffdd25a35c,https://www.univie.ac.at,"WIEN, AU","5,001 to 10,000",$500M to $1B (USD),,,,,,,,1,0%,0
in-f9acd5fd61bb706f,indeed,https://at.indeed.com/viewjob?jk=f9acd5fd61bb706f,https://jobs.univie.ac.at/job/Senior-Scientist/1434334233/,Senior Scientist,Universität Wien,"Wien, W, AT",2026-09-07,fulltime,,,,,,True,,,,joao.matos@univie.ac.at,"**#jobreq\\_print\\_container div div div:** first-child h2 { display: none; }
  
  
At the University of Vienna, almost 11,000 people work together on the big questions of the future. Approximately 7,700 of them are academic staff members. These are individuals who, with their curiosity and their continuous pursuit of excellence, engage in international cutting-edge research and teaching. With us, you will also find space to unfold your potential. We are looking for a/an ...
  
  
Senior Scientist
  
  
74 Max Perutz Labs
  
  
**Job vacancy starting:** 10/01/2026 | Working hours: 40.00 | Classification CBA: §48 VwGr. B1 lit. b (postdoc)
  
  
**Limited contract until:**  
**Job ID:** 6190
  
  
**.headerContent + div div div:** first-child { display: none; } .jobListingBodyTitle { display: none !important; }
  
  
Among the many reasons to research and teach at the University of Vienna there is one in particular, which has convinced around 7,500 academic staff members so far. They see themselves as personalities who need space for continuous striving for top international research and scientific excellence. At the same time, they enjoy support and liberties that are not a given at other institutions. Does that sound like something for you? Welcome to our team!
  
The Max Perutz Labs bring together the groups working in molecular biology at the University of Vienna. In order to intensify the collaboration with the Medical University of Vienna in the field of molecular biosciences, the Max Perutz Labs were founded in 2005. We maintain high-tech research infrastructures at two neighbouring locations, where around 450 scientists from more than 40 nations work in basic biomedical research in more than 45 research groups.
  
  
**Your personal sphere of play:**  
The Matos laboratory is looking for a highly motivated and experienced Senior Scientist to combine active scientific research with a central role in the scientific and organizational management of the laboratory.
  
  
The position is initially limited to 3 years, with the possibility of permanent employment by mutual agreement pending financial availability and following a positive evaluation.
  
  
The Matos lab is an internationally competitive and collaborative research group investigating the molecular mechanisms that control meiotic chromosome organization and homologous recombination. We are particularly interested in understanding how recombination intermediates are formed and processed, how meiotic crossovers are generated, and how chromosome architecture and recombination are coordinated to ensure accurate chromosome segregation during gametogenesis. To address these questions, we combine genetics, molecular and cell biology, biochemistry, genomics and advanced imaging approaches in budding yeast and mammalian experimental systems.
  
The successful candidate will actively contribute to ongoing research while taking substantial responsibility for the scientific and organizational operation of the laboratory. The position is therefore particularly suited to an experienced scientist who enjoys experimental research but also takes satisfaction in supporting other scientists, solving scientific and technical problems, coordinating complex activities and ensuring that a highly collaborative laboratory operates effectively.
  
  
**Your future tasks:**  
The successful candidate will actively participate in research, teaching and administration and will take a leading role in the scientific and organizational management of the laboratory.
  
This involves conducting and supporting research projects in chromosome biology, meiosis and homologous recombination, including the planning, execution and interpretation of experiments. The Senior Scientist will contribute broad scientific and technical expertise to projects across the laboratory and help establish, optimize and maintain experimental methods and workflows.
  
An important part of the position will be to support the scientific development and day-to-day research activities of other members of the group, as well as teaching. This includes discussing experimental strategies, helping with troubleshooting and data interpretation, transferring expertise between projects and providing scientific and practical supervision to undergraduate, Master and PhD students as well as other researchers in the laboratory. The successful candidate will contribute to scientific publications, presentations and grant-related activities.
  
The position additionally includes substantial responsibility for the organization and management of the laboratory. The Senior Scientist will help coordinate laboratory workflows and shared resources, oversee laboratory organization, equipment and inventories, and coordinate purchasing and the availability of reagents and consumables. They will contribute to the implementation and documentation of laboratory procedures and help ensure that equipment, experimental resources and laboratory spaces are maintained and used effectively.
  
The successful candidate will coordinate the onboarding and offboarding of laboratory members and facilitate the transfer of knowledge, protocols and responsibilities within the group. They will act as an important interface between the laboratory, administrative staff, scientific core facilities and other research groups at the Max Perutz Labs and Vienna BioCenter.
  
Together with the group leader and other senior members of the laboratory, the Senior Scientist will contribute to the planning of laboratory resources and to maintaining an efficient, supportive and scientifically ambitious research environment.
  
The position also includes practical and theoretical teaching of undergraduate and graduate students in molecular biology, genetics and chromosome biology, mentoring and supervision of students, and occasional participation in scientific outreach activities.
  
  
**This is part of your personality:**  

* PhD degree in molecular biology, genetics, biochemistry or a related field.
* Strong scientific background in chromosome biology, meiosis, homologous recombination or related areas of molecular and cell biology.
* Extensive practical experience in molecular biology and genetics. Experience with budding yeast genetics and meiotic experimental systems is particularly beneficial.
* Broad experimental expertise and the ability to understand, discuss and support different research projects and experimental approaches.
* Strong publication record and demonstrated scientific track record.
* Experience in experimental design, troubleshooting, data interpretation and the development or optimization of experimental workflows.
* Strong motivation to support research projects and provide scientific and practical feedback to other members of the laboratory.
* Experience in mentoring and practical supervision of undergraduate, Master and/or PhD students.
* Experience in laboratory organization or management, including coordination of laboratory workflows, equipment, shared resources, reagents and purchasing.
* Excellent organizational skills and the ability to coordinate multiple scientific and operational activities in parallel.
* A high degree of independence, reliability and sense of responsibility.
* Excellent interpersonal and communication skills and enthusiasm for working in a collaborative and international research environment.
* Experience in teaching undergraduate and graduate students is beneficial.
* Excellent spoken and written English skills; German skills are beneficial.
* Experience in science communication and public outreach is beneficial.

We are particularly looking for a scientist who enjoys combining hands-on research with a broader responsibility for the laboratory and its scientific activities. The successful candidate should be interested not only in advancing their own experimental work, but also in helping other researchers and projects succeed and in contributing to the long-term scientific and organizational development of the group.
  
  
**What we offer:**  
**Fixed-term contract and fair salary:** We offer a full-time (40 h/week) contract with a basic salary according to the applicable collective bargaining agreement. The basic salary for Senior Scientists (postdoctoral) is EUR 5,014.30 gross per month, paid 14 times a year, and may increase depending on creditable professional experience. The position is initially offered for 3 years, with the possibility of extension to a permanent contract based on a qualification agreement.
  
  
**Work-life balance:** Our employees enjoy flexible working hours, remote/hybrid and/or part-time work upon agreement and where compatible with the responsibilities of the position.
  
  
**Inspiring working atmosphere:** You will be part of an international academic team in a collaborative, stimulating and fair working environment. The Max Perutz Labs and the wider Vienna BioCenter provide an outstanding scientific environment with access to state-of-the-art research infrastructure and a broad community covering molecular, cellular and structural biology.
  
  
**Good public transport connections:** Your workplace in the center of beautiful Vienna is easily accessible by public transport.
  
  
**Internal further training & Coaching:** You will have the opportunity to continuously develop your professional and personal skills. The University of Vienna offers more than 600 internal training courses free of charge.
  
  
**Equal opportunities for all:** We look forward to diverse personalities joining our team!
  
  
**It is that easy to apply:**  
With your scientific curriculum vitae / letter of motivation
  
With your list of publications
  
With your short summary of research interests and relevant scientific and laboratory management experience (max. 1 page)
  
Proof of your Doctoral Degree
  
Contact details of persons who could provide reference letters
  
Via our job portal/ Apply now - button
  
  
**If you have any questions, please contact:**  
Joao Matos
  
  
joao.matos@univie.ac.at
  
  
We look forward to new personalities in our team!
  
The University of Vienna has an anti-discriminatory employment policy and attaches great importance to equal opportunities, the advancement of women and diversity. We place particular emphasis on enhancing women’s representation among the academic and general university staff, particularly in leadership roles, and therefore expressly encourage qualified women to apply. Given equal qualifications, preference will be given to female candidates.
  
  
University of Vienna. Space for personalities. Since 1365.
  
  
Data protection
  
**Application deadline:** 09/17/2026",,https://at.indeed.com/cmp/Universit%C3%A4t-Wien,https://d2q79iu7y748jz.cloudfront.net/s/_squarelogo/256x256/432add9e1af894a924cf76ffdd25a35c,https://www.univie.ac.at,"WIEN, AU","5,001 to 10,000",$500M to $1B (USD),,,,,,,,1,0%,0
li-4448254411,linkedin,https://www.linkedin.com/jobs/view/4448254411,,Data Scientist & AI Engineer (all genders),Austrian Lotteries,"Vienna, Austria",2026-09-16,,,,,,,False,,,,,"Jobdetails

Als führende Kraft in der Welt des legalen Glücksspiels in Österreich ist es unsere Mission, leidenschaftliche Hingabe für Mensch, Spiel und Umwelt zu beweisen. Wir entwickeln unsere Glücksspielprodukte (wie etwa Lotto, Bingo oder Brieflos) täglich verantwortungsbewusst und mit großem Engagement weiter.

Zur weiteren Verstärkung unseres Teams suchen wir ab sofort eine:n Data Scientist & AI Engineer (all genders)

Dein Beitrag zum Glück:

Du konzipierst, entwickelst und implementierst ML-, Advanced-Analytics- und GenAI-Lösungen entlang des analytischen Lifecycles und bringst sie mit bewährten MLOps-Praktiken produktionsreif in den Betrieb.
Gemeinsam mit Data Engineering und Fachbereichen integrierst du Modelle und KI-Lösungen in bestehende Systeme, optimierst Workflows und priorisierst relevante Use Cases nach geschäftlichem Nutzen.
Du stellst Skalierbarkeit, Stabilität, Performance, Monitoring und kontinuierliche Verbesserung von ML- und KI-Lösungen sicher.
Du entwickelst und erweiterst Microsoft 365 Copilot-Lösungen mit Agents und Automatisierungen in Microsoft Copilot Studio.
Du entwickelst und betreibst datenintensive Plattformkomponenten für Agentic AI, Skill Distribution und KI-native Lösungen in Cloud- und Microsoft-Umgebungen.
Du entwickelst wiederverwendbare Frameworks für Agentic AI und Generative AI und integrierst Large Language Models sowie multimodale Modelle in konkrete Unternehmenslösungen.
Du identifizierst, planst und setzt GenAI & Data Science Use Cases entlang des analytischen Lifecycles & moderner Softwareentwicklung um.

Darum bist du unser Gewinn:

Abgeschlossene Ausbildung mit IT-Background, z. B. HTL, FH oder Universität.
Mehrjährige Erfahrung in der Entwicklung, Versionierung, Integration und dem produktionsnahen Betrieb von ML-Modellen mit MLOps-Praktiken wie CI/CD, Monitoring und Deployment.
Fundierte Kenntnisse in SQL, Python/PySpark und gängigen Data-Science-Bibliotheken wie scikit-learn, numpy oder pandas.
Erfahrung mit Databricks oder anderen Cloud-Plattformen sowie Agentic-AI-Technologien AWS Bedrock oder Microsoft Copilot ist von Vorteil.
Praxis in Prompt Engineering, Fine-Tuning oder der Umsetzung generativer KI-Anwendungen; Kenntnisse in PyTorch, TensorFlow, LangChain oder Hugging Face sind ein Plus.
Hohes Qualitätsbewusstsein, strukturierte Arbeitsweise und ausgeprägte Teamorientierung.
Sehr gute Deutsch- sowie gute Englisch-Kenntnisse.

Mit diesen Technologien arbeiten wir:

Databricks
AWS Cloud, Python, PySpark, SQL und dbt.
GitLab, MLflow und Jira.
Microsoft Copilot Studio und Microsoft 365 Copilot Extensions.
Retrieval-Augmented Generation (RAG), Agentic AI und Multi-Agent-Systeme.

Das Gehalt für diese Position richtet sich nach deinen spezifischen Erfahrungen und Qualifikationen. Für diese Position bieten wir ein Jahresbruttogehalt auf Vollzeitbasis ab € 55.000,00

Gleiche Chancen für alle

Jeder Mensch verdient unabhängig von Alter, Geschlecht, Nationalität, Religion, sexueller Orientierung oder Behinderung die gleichen Möglichkeiten, seine Karriereziele zu erreichen. Darum sind wir um ein barrierefreies Umfeld bemüht und stellen individuelle Unterstützung für alle Mitarbeitenden sicher.

Wenn du Fragen rund um Gleichberechtigung und Barrierefreiheit hast oder Unterstützung im Bewerbungsprozess benötigst, melde dich jederzeit: glueckimjob@cal-group.at .

Mehr über unser Headquarter

In unserer Zentrale warten neu renovierte Räumlichkeiten mit modernster Ausstattung auf dich – und das im Herzen Wiens. Die S-Bahn-Station Rennweg, das Schloss Belvedere und die Kärntnerstraße sind nur wenige Geh- bzw. Straßenbahnminuten entfernt, damit du die Groß- und Kulturstadt richtig auskosten kannst.",,https://at.linkedin.com/company/austrian-lotteries,,,,,,,,,,,,,1,german,
li-4468323109,linkedin,https://www.linkedin.com/jobs/view/4468323109,,"Senior Engineer, Game Mathematician",Sports Careers,"Innere Stadt, Vienna, Austria",2026-09-16,,,,,,,False,,,,,"Senior Game Mathematician

Overview 

Sportradar is the world's leading sports technology company, creating immersive experiences at the intersection of sports, betting, and entertainment. Every day, our products engage millions of sports fans and players around the globe. 

Within our iGaming (Playradar) division, we are building the next generation of gaming experiences across Casino Games, Virtual Sports, Live Betting Products, 24/7 Experiences, and other innovative gaming concepts inspired by the world of sports. By combining premium sports content, engaging gameplay mechanics, and cutting-edge technology, we create products that redefine how players engage with sports and casino entertainment.

As a Game Mathematician, you will play a key role in designing, validating and optimizing the mathematical models behind our casino games, ensuring engaging gameplay, robust probability logic, compliant RTP structures and commercially successful game mechanics.

This role is suited to someone who can work independently on well-defined game math challenges, partner confidently with Product, Game Design, Engineering and Compliance, and contribute hands-on expertise to a fast-growing Playradar Casino Games portfolio.

  

THE CHALLENGE: 

Design and develop mathematical models for casino games, including slots, instant-win games, crash-style games, plinko-style products, roulette-inspired mechanics, number games and other RNG-based gaming experiences;
Create, test and document probability models, payout structures, volatility profiles, RTP configurations and game simulations to support product development and certification readiness;
Partner with Product Managers and Game Designers to translate game concepts into mathematically sound mechanics that balance player engagement, commercial objectives and regulatory requirements;
Run simulations, analyze outcomes and validate game performance against expected probability distributions, hit frequency, variance, maximum exposure and target RTP;
Prepare clear mathematical specifications and supporting documentation for Engineering, QA, Compliance and external certification partners;
Collaborate closely with Engineering and QA to ensure the correct implementation, testing and verification of game math logic in production-ready casino games;
Analyze game and player performance data after launch and recommend improvements to mechanics, balancing, volatility, retention and monetization;
Contribute to Playradar’s Casino Games roadmap by identifying mathematical opportunities for new mechanics, differentiated game experiences and scalable game templates;
Operate as a proficient individual contributor, taking ownership of assigned game math workstreams, solving complex but defined problems independently and escalating risks with clear recommendations.

 ABOUT YOU: 

3+ years of relevant experience in game mathematics, probability modelling, statistical analysis, data science, applied mathematics or a comparable analytical role, ideally within casino gaming, iGaming, online games or digital entertainment;
Strong understanding of probability theory, combinatorics, statistics, simulations, variance, RTP, hit frequency and payout modelling for RNG-based games;
Ability to develop, validate and clearly document mathematical models for casino games with limited supervision;
Experience with analytical tools and programming or scripting languages such as Python, R, SQL, Excel/VBA, MATLAB or similar tools used for simulations and statistical modelling;
Good understanding of casino game mechanics, including slots, table games, crash games, instant games, plinko-style mechanics, lottery or number games, and how mathematical models influence player experience;
Strong analytical judgement with the ability to identify risks, validate assumptions and explain complex mathematical concepts to non-technical stakeholders;
Collaborative working style with the ability to partner effectively across Product, Game Design, Engineering, QA, Compliance and Commercial teams;
Comfortable working in a fast-moving product environment where priorities evolve and pragmatic, high-quality solutions are needed;
Experience with certification processes, regulated gaming environments, responsible gambling considerations or jurisdiction-specific RTP requirements is an advantage;
Fluent written and spoken English, with the ability to produce clear specifications, analysis summaries and stakeholder-ready explanations.

Nice To Have

Hands-on experience creating math models for certified real-money casino games;
Knowledge of market-specific gaming regulations, lab certification requir",,https://www.linkedin.com/company/sports-careers,,,,,,,,,,,,,,,35
li-4467992537,linkedin,https://www.linkedin.com/jobs/view/4467992537,,"Senior Engineer, Game Mathematician",Sportradar,"Vienna, Vienna, Austria",2026-09-16,,,,,,,False,,,,,"We’re the world’s leading sports technology company, at the intersection between sports, media, and betting. More than 1,700 sports federations, media outlets, betting operators, and consumer platforms across 120 countries rely on our know-how and technology to boost their business.

Job Description

Senior Game Mathematician

OVERVIEW  

Sportradar is the world's leading sports technology company, creating immersive experiences at the intersection of sports, betting, and entertainment. Every day, our products engage millions of sports fans and players around the globe.  

Within our iGaming (Playradar) division, we are building the next generation of gaming experiences across Casino Games, Virtual Sports, Live Betting Products, 24/7 Experiences, and other innovative gaming concepts inspired by the world of sports. By combining premium sports content, engaging gameplay mechanics, and cutting-edge technology, we create products that redefine how players engage with sports and casino entertainment.

As a Game Mathematician, you will play a key role in designing, validating and optimizing the mathematical models behind our casino games, ensuring engaging gameplay, robust probability logic, compliant RTP structures and commercially successful game mechanics.

This role is suited to someone who can work independently on well-defined game math challenges, partner confidently with Product, Game Design, Engineering and Compliance, and contribute hands-on expertise to a fast-growing Playradar Casino Games portfolio.

  

THE CHALLENGE: 

Design and develop mathematical models for casino games, including slots, instant-win games, crash-style games, plinko-style products, roulette-inspired mechanics, number games and other RNG-based gaming experiences;
Create, test and document probability models, payout structures, volatility profiles, RTP configurations and game simulations to support product development and certification readiness;
Partner with Product Managers and Game Designers to translate game concepts into mathematically sound mechanics that balance player engagement, commercial objectives and regulatory requirements;
Run simulations, analyze outcomes and validate game performance against expected probability distributions, hit frequency, variance, maximum exposure and target RTP;
Prepare clear mathematical specifications and supporting documentation for Engineering, QA, Compliance and external certification partners;
Collaborate closely with Engineering and QA to ensure the correct implementation, testing and verification of game math logic in production-ready casino games;
Analyze game and player performance data after launch and recommend improvements to mechanics, balancing, volatility, retention and monetization;
Contribute to Playradar’s Casino Games roadmap by identifying mathematical opportunities for new mechanics, differentiated game experiences and scalable game templates;
Operate as a proficient individual contributor, taking ownership of assigned game math workstreams, solving complex but defined problems independently and escalating risks with clear recommendations.
 ABOUT YOU: 

3+ years of relevant experience in game mathematics, probability modelling, statistical analysis, data science, applied mathematics or a comparable analytical role, ideally within casino gaming, iGaming, online games or digital entertainment;
Strong understanding of probability theory, combinatorics, statistics, simulations, variance, RTP, hit frequency and payout modelling for RNG-based games;
Ability to develop, validate and clearly document mathematical models for casino games with limited supervision;
Experience with analytical tools and programming or scripting languages such as Python, R, SQL, Excel/VBA, MATLAB or similar tools used for simulations and statistical modelling;
Good understanding of casino game mechanics, including slots, table games, crash games, instant games, plinko-style mechanics, lottery or number games, and how mathematical models influence player experience;
Strong analytical judgement with the ability to identify risks, validate assumptions and explain complex mathematical concepts to non-technical stakeholders;
Collaborative working style with the ability to partner effectively across Product, Game Design, Engineering, QA, Compliance and Commercial teams;
Comfortable working in a fast-moving product environment where priorities evolve and pragmatic, high-quality solutions are needed;
Experience with certification processes, regulated gaming environments, responsible gambling considerations or jurisdiction-specific RTP requirements is an advantage;
Fluent written and spoken English, with the ability to produce clear specifications, analysis summaries and stakeholder-ready explanations.
NICE TO HAVE:

Hands-on experience creating math models for certified real-money casino games;
Knowledge of market-specific gaming regulations, lab certification requirements or game math approval processes;
Experience with sports-themed or branded casino games, including products that combine sports content with casino-style mechanics;
Interest in innovation, prototyping and building scalable mathematical frameworks for a growing casino games portfolio.
OUR OFFER 

Shape the mathematical foundations of one of the most exciting and fastest-growing portfolios in sports entertainment, casino gaming and iGaming.
Create game math models that directly influence player experience, product performance and the commercial success of casino games played by audiences worldwide.
Collaborate with talented colleagues across Product, Game Design, Engineering, QA, Compliance and Commercial teams in a highly collaborative international environment.
Take ownership of mathematical models, simulations and balancing decisions for an expanding portfolio of innovative casino gaming experiences.
A challenging, rewarding and analytical environment where your expertise has a direct impact on products used around the globe.
Competitive salary and attractive benefits package. 
Individual learning and professional development opportunities. 
A vibrant, inclusive company culture with global collaboration and diverse communities. 
Corporate fitness activities and additional employee wellbeing programs. 
We believe great products are built by great teams working closely together. While we offer flexible working hours, this role is fully office-based, as we strongly value in-person collaboration, knowledge sharing, fast decision-making, and team connection. We see working together onsite as a key driver of innovation, learning, and success. Certain exemptions may apply depending on location — your local point of contact can provide further details.

Additional Information

The minimum monthly salary for this position is according to the Collective Bargaining Agreement. Overpayment will be considered depending on qualifications and working experience.

At Sportradar, we celebrate our diverse group of hardworking employees. Sportradar is committed to ensuring equal access to its programs, facilities, and employment opportunities. All qualified applicants will receive consideration for employment without regard to age, race, color, religion, sex, sexual orientation, gender identity, national origin, disability, or status as a protected veteran. We encourage you to apply even if you only meet most of the requirements (but not 100% of the listed criteria) – we believe skills evolve over time. If you’re willing to learn and grow with us, we invite you to join our team!",,https://ch.linkedin.com/company/sportradar,,,,,,,,,,,,,,,35
li-4459193803,linkedin,https://www.linkedin.com/jobs/view/4459193803,,BI- und DWH-Entwickler*in,City of Vienna,"Vienna, Vienna, Austria",2026-09-16,,,,,,,False,,,,,"Stadt Wien (Allgemein)

Wir haben das klare Ziel: unser Wien tagtäglich zu einer lebens- und liebenswerten Stadt zu machen, in der sich jede*r Bewohner*in in gleichem Maße und bei gleicher Qualität auf unsere Leistungen und Services verlassen kann. Dazu brauchen wir Sie!

Informationen Dienststelle

Wir, die Magistratsabteilung 01 - Wien Digital sind eine innovative, serviceorientierte IT-Abteilung. Mit unseren rund 1.200 Mitarbeiter*innen schaffen wir für den Magistrat der Stadt Wien und den Wiener Gesundheitsverbund innovative Services im Bereich der Informations- und Kommunikationstechnologie (IKT).

Analog war gestern. Wien (ist) Digital!

Text Stellenbesetzung

Folgende Stelle wollen wir besetzen:

Ihr Aufgabengebiet

Die Kernaufgabe des Teams Business Intelligence und Analytics ist die Konzeption und Entwicklung aller Komponenten für Business Intelligence- und Analytics-Lösungen auf Basis der in der Gruppe GDA verantworteten Data Warehouse-Systeme, insbesondere im Gesundheitsbereich. Dies umfasst die Entwicklung von Datenextraktions-, transformations- und ladeprozessen, von Datenmodellen, Data Marts, Cubes und Online Analytics Processing (OLAP)-Modellen, sowie die Entwicklung von Reports, Dashboards und Datenangeboten und die Entwicklung von innovativen Machine Learning- und Analytics-Anwendungen.

Sie verantworten die Entwicklung und Optimierung von ETL-Prozessen zur Integration und Transformation von Daten aus Fachinformationssystemen in das DWH
Sie tragen die Verantwortung für die Sicherstellung einer optimalen Geschwindigkeit der ETL-Prozesse und deren Integration in die Datenquellenanbindungen im DWH
Sie führen Ad-hoc-Analysen durch um die Zusammenführung von Daten aus historisch gewachsenen Fachinformationssystemen im DWH Kontext zu ermöglichen
Sie führen detaillierte Datenanalysen zur Identifikation von Mustern und Anomalien durch, sowie die Kommunikation der Erkenntnisse an Kund*innen

Ihr Profil

Sie verfügen über mehrjährige Berufserfahrung in der Entwicklung von Datenbanklösungen idealerweise mit MS-SQL
Sie bringen Kenntnisse in Datenintegration und -bereinigung aus verschiedenen Quellsystemen mit
Sie haben gute Kenntnisse im Bereich Design und Entwicklung von Datawarehouse (DWH)-Anwendungen 
Sie haben gute Kenntnisse im Bereich Extract, Transform & Load (ETL)-Prozesse
Sie können gute Deutschkenntnisse vorweisen (zumindest Level B2)
Sie haben die Fähigkeit komplexe Denkmuster zu erkennen, um strategische Einblicke zu gewinnen, sowie Datenstrukturen zu hinterfragen und zu verbessern
Sie verfügen über eine ausgeprägte Problemlösungskompetenz und schnelle Lösungsfindung bei komplexen Herausforderungen

Bitte beachten Sie die erforderlichen Ausbildungen für diese Position.

Unser Angebot

Ihr Vertragsverhältnis basiert auf dem Wiener Bediensteten-Gesetz
Flexible Arbeitszeiten (ohne Kernarbeitszeit)
Möglichkeit, mobil zu arbeiten (im Ausmaß bis zu 60%)
Möglichkeit zur Verrechnung von Überstunden oder Konsumation von Zeitausgleich
Umfangreiches Ausbildungsangebot sowie Weiterentwicklungsmöglichkeiten in vielfältige Aufgabenbereiche innerhalb von Wien Digital
Umfassendes Gesundheitsprogramm: z.B. jährliche Gesundenuntersuchung, Betriebsärztin, KFA-versichert

Frühester Start: Jänner 2027

Wir bieten ein Einstiegsgehalt von 4.723,42- Euro brutto monatlich (40 Wochenstunden, 14x jährlich). Durch die Anrechnung von berufseinschlägigen bzw. gleichwertigen Tätigkeiten als Vordienstzeiten kann sich ein höheres Gehalt ergeben.

Text zur Gleichbehandlung/Frauenförderung

Wir möchten den Anteil an Frauen in diesem Berufsfeld erhöhen und laden daher besonders Frauen zur Bewerbung ein. Es gelten die Bestimmungen des Wiener Gleichbehandlungsgesetzes.

Kontakt

Amir Husetic

Team Personalentwicklung

MA 01 - Wien Digital

1220 Wien, Stadlauer Straße 54 und 56

+43 1 4000913081

Sie möchten gerne für die Stadt Wien arbeiten?

Dann bewerben Sie sich gleich hier online!",,https://at.linkedin.com/company/city-of-vienna,,,,,,,,,,,,,1,german,
li-4468262460,linkedin,https://www.linkedin.com/jobs/view/4468262460,,AI & Data Developer (m/w/d) - Teilzeit 20h,Wolfgang Denzel Auto AG,"Vienna, Vienna, Austria",2026-09-16,,,,,,,False,,,,,"Deine Karriere in der DENZEL Gruppe

Du studierst Informatik, Data Science, Wirtschaftsinformatik oder etwas Vergleichbares – und willst nicht nur über KI reden, sondern sie bauen?

Wir suchen eine technisch neugierige Persönlichkeit, die unser AI+DA Team mit rund 20 Stunden pro Woche unterstützt und dabei hilft, unsere bestehenden KI-, Daten- und Automatisierungslösungen weiterzuentwickeln.

Du musst dafür kein KI-Experte sein. Viel wichtiger ist, dass du Python und SQL beherrschst, ein gutes technisches Grundverständnis mitbringst und Lust hast, dich tief in neue Technologien einzuarbeiten.

Und das Beste: Du arbeitest nicht alleine. Unser KI-Spezialist wird Dich direkt in die bestehenden Lösungen und Technologien einarbeiten und übernimmst Schritt für Schritt eigene Themen.

Deine Mission bei uns

Du arbeitest an der Schnittstelle von Artificial Intelligence, Data Engineering, Software Development und Automation.

Weiterentwicklung und Betreuung unserer RAG- und Knowledge-Lösungen
Arbeiten mit LLMs, AI Agents und MCP
Entwicklung und Erweiterung von Python-Anwendungen und APIs
Arbeiten mit SQL und Datenbanken
Deployment und Betrieb unserer Services mit Docker, Git und CI/CD — inklusive Tests, die das absichern
Entwicklung kleiner Tools und Services, die reale Probleme im Unternehmen lösen
gemeinsames Experimentieren mit neuen Möglichkeiten rund um Generative AI

Dein Profil als Zukunftsgestalter:in

Python: Du kannst Python nicht nur aus einem Tutorial, sondern hast bereits eigene Projekte umgesetzt.
SQL: Du verstehst Daten, Tabellen, Joins und Abfragen und kannst dich in Datenbanken zurechtfinden.
KI-Grundverständnis: Du weißt, was ein LLM ist, hast schon mit ChatGPT, Claude, Gemini oder ähnlichen Modellen gearbeitet und interessierst dich dafür, wie man KI in echte Anwendungen integriert.
Technische Neugier: Du hast Spaß daran, neue Technologien auszuprobieren. Wenn du etwas noch nicht kennst, ist deine Reaktion eher „Das schaue ich mir an“ als „Das kann ich nicht“.
Hands-on-Mentalität: Du willst nicht nur Konzepte diskutieren, sondern Code schreiben, testen und Lösungen zum Laufen bringen.

Vielleicht bist du gerade im Studium und hast bereits eigene kleine Softwareprojekte gebaut.Vielleicht hast du dir Python selbst beigebracht, mit APIs experimentiert, einen kleinen AI-Agenten gebaut oder dein erstes RAG-System ausprobiert.Vielleicht bist du auch einfach jemand, der bei neuen Technologien sofort wissen möchte:

„Okay – aber was kann ich damit bauen?“

Wenn du dich darin wiedererkennst, sollten wir uns kennenlernen.

Unser Versprechen an Dich

Eine langfristige Perspektive in einem etablierten österreichischen Unternehmen mit vielseitigen Geschäftsbereichen
Hohes Maß an Gestaltungsfreiheit, flache Hierarchien und kurze Entscheidungswege
Ein Umfeld, in dem Erfahrung, Verlässlichkeit und nachhaltige Lösungen geschätzt werden
Aus- und Weiterbildungsmöglichkeiten durch individuelles Coaching mit Fach-Expert:innen
Attraktive konzerninterne Leistungen (Autokauf und Bankleistungen, Vorsorge- und Gesundheitsangebote, Top-Rabatte bei Einkaufsplattformen …)
Ein attraktives und flexibles Arbeitszeitmodell mit Gleitzeit und Homeoffice
Für diese Position bieten wir ein monatliches Bruttogehalt ab 3.000 EUR (Vollzeitbasis). 

Ein ungewöhnlich breites technisches Spielfeld. Du arbeitest nicht nur an einem einzelnen Teilbereich. Bei uns treffen AI, Software Development, Daten, APIs, Automation und Analytics aufeinander.

Ideal neben dem Studium:

Die Position umfasst 20 Stunden pro Woche und lässt sich gut mit einem Studium kombinieren.

Recruiting 

Alexander Geburek

JOB ID

440

#ho

Über uns

Die DENZEL Gruppe steht seit 90 Jahren für Automotivkompetenz, unternehmerische Innovation und Wachstum. Durch die vielen Geschäftsbereiche innerhalb der DENZEL Gruppe können wir unbegrenzte Karrieremöglichkeiten in ganz Österreich anbieten. Sei es im Retail, mit unseren 21 Retailstandorten und 18 Verkaufs- und 5 Servicemarken | bei unseren Importmarken Hyundai, Mitsubishi, MG, Maxus & BYD | im Bankhaus DENZEL | im Immobilienbereich | bei Autoplus - der Zubehör- & Reifenfirma | oder der STROMBOX - Anbieter für unabhängige Energiesysteme. Als einer der führenden Automobil-Mehrmarkenhändler und Gesamtanbieter innovativer Mobilitätslösungen in Österreich stehen wir für Agilität, Mitgestaltung und ein starkes Wir-Gefühl.",,https://at.linkedin.com/company/wolfgang-denzel-auto-ag,,,,,,,,,,,,,1,german,
li-4468220381,linkedin,https://www.linkedin.com/jobs/view/4468220381,,Teamlead Pricing (m/w/d),Eblinger & Partner Personal- und Managementberatungs GmbH,"Lower Austria, Austria",2026-09-16,,,,,,,False,,,,,"Sie sind zahlenaffin, denken kommerziell und möchten Pricing nicht nur analysieren, sondern aktiv mitgestalten? Unser Auftraggeber ist ein international erfolgreiches Handelsunternehmen mit Sitz im Süden Wiens. Gesucht wird eine analytisch starke Persönlichkeit, die komplexe Zusammenhänge auf den Punkt bringt, souverän vor unterschiedlichen Stakeholdern auftritt und Lust hat, moderne Pricing-Prozesse aktiv weiterzuentwickeln.

Ihre Aufgaben
Verantwortung für die Weiterentwicklung des Pricing-Bereichs sowie Koordination eines kleinen Teams
Analyse von Preisen, Wettbewerbsdaten, Benchmarks und Marktveränderungen sowie Ableitung konkreter Handlungsempfehlungen
Aufbereitung komplexer Analysen und überzeugende Präsentation vor Geschäftsführung und Bereichsleitungen
Enge Zusammenarbeit mit Einkauf, Vertrieb und weiteren internen Stakeholdern
Durchführung von Ad-hoc-Analysen und Entwicklung aussagekräftiger Reports
Aktive Mitgestaltung und Implementierung eines neuen Pricing-Tools sowie Weiterentwicklung bestehender Prozesse
Übersetzung von Daten und Analysen in klare, verständliche und umsetzbare Business-Empfehlungen
Übernahme von Verantwortung und aktive Gestaltung zukünftiger Pricing-Themen

Ihre Qualifikationen
Abgeschlossene kaufmännische oder technische Ausbildung, z. B. Universität, FH, HTL oder HAK
Mehrjährige Erfahrung in Pricing, Commercial Analytics, Vertriebscontrolling, Business Intelligence oder einem vergleichbaren analytischen Umfeld
Ausgeprägte Zahlenaffinität und sehr gutes kommerzielles Verständnis
Sehr gute Excel-Kenntnisse sowie Erfahrung mit Analyse- bzw. BI-Tools
SQL-Kenntnisse und die Fähigkeit, Analysen eigenständig durchzuführen und zu interpretieren
Sehr gute Präsentations- und Kommunikationsfähigkeiten
Selbstbewusstes, professionelles Auftreten und Freude am Austausch mit unterschiedlichen Stakeholdern bis hin zur Geschäftsführung
Erste Führungserfahrung ist willkommen, aber keine Voraussetzung – entscheidend sind Verantwortungsbereitschaft, Leadership-Potenzial und der Wunsch, sich weiterzuentwickeln

Das Angebot
Dotierung: Ab EUR 70.000 Jahresbruttogehalt mit Bereitschaft zur Überzahlung entsprechend der Qualifikationen und Berufserfahrung
Eine vielseitige Position mit hoher Sichtbarkeit und direktem Kontakt zum Management
Viel Gestaltungsspielraum bei der Weiterentwicklung von Pricing, Prozessen und Systemen
Chance auf den nächsten Karriereschritt mit erster bzw. weiterer Führungsverantwortung
Spannende Kombination aus Analytics, Pricing, Strategie und Stakeholdermanagement
Mitarbeit in einem internationalen, etablierten Unternehmen mit langfristiger Perspektive
Kollegiales Umfeld, flexible Arbeitszeitgestaltung und Homeoffice-Möglichkeit
Gute öffentliche Erreichbarkeit sowie Parkplatz und Kantine am Standort

Wir wenden uns an Bewerber*innen unabhängig von ihrem Geschlecht, Alter, ihrer sexuellen Orientierung, Herkunft oder Religion. Wir freuen uns über Ihre Bewerbung an Viktoria Kaufmann, MA unter der Kennnummer B6056 an jobs4@eblinger.at",,https://at.linkedin.com/company/eblinger-partner-personal-und-managementberatungs-gmbh,,,,,,,,,,,,,1,german,
li-4465959751,linkedin,https://www.linkedin.com/jobs/view/4465959751,,Data Analyst,Trinsik (formerly V_labs),"Vienna, Vienna, Austria",2026-09-16,,,,,,,False,,,,,"Trinsik is an international business creation studio for organisations that want to move decisively into what's next. We design and implement the solutions — products, data pipelines, business models — that make new opportunities real. In complex markets, under real constraints, and at pace. That pace only holds if the numbers keep up — product performance, commercial traction, portfolio development. That's where you come in.

Tasks
We are looking for a Data Analyst with 3–5 years of experience to join our data team in Vienna. You will own the analytics layer in our client and venture projects, across three kinds of work: product analytics for the digital products we build, commercial analytics for new services and business models, and investment and portfolio analytics for our (Corporate) Venture Capital and Investment clients. You will work alongside our data engineers and get hands-on with the pipelines and models behind your dashboards.

Set up and run product analytics for our digital products and ventures: define the event and tracking concept, build funnel, retention, and cohort analyses, and answer why users do what they do.

Build the commercial analytics for new services — unit economics, pricing scenarios, contribution margin, adoption and revenue development — and make the numbers defensible for management-level decisions.

Work with our (Corporate) Venture Capital and Investment clients on the data models and reporting behind portfolio monitoring, performance tracking, and investment decision-making.

Write and optimise SQL for data models, transformations, and analyses — you are comfortable in the database, not just in the BI tool.

Support our data engineers on pipelines and the transformation layer: build models, add tests, fix data quality issues, extend existing flows.

Build and maintain dashboards and reports (primarily Power BI) that people actually use — for portfolio monitoring, product KPIs, and commercial performance.

Collaborate with stakeholders to define business metrics and KPIs, ensuring that data analytics aligns with strategic goals.

Continuously improve data quality, documentation, and governance across projects.

Own your workstream: break down the work, set your own priorities, keep timelines and dependencies visible, and coordinate with engineers, PMs, and the client.

Take a topic from the first requirements workshop to a running, documented solution, and share what you learn within the analytics community at Trinsik.

Requirements

3–5 years of experience as a Data Analyst, Product Analyst, Analytics Engineer, or similar role.

Strong SQL — joins, CTEs, window functions, and enough understanding of query performance to know why something is slow.

Strong experience with Power BI (data modeling, DAX, Power Query, report creation) or comparable BI tools.

Solid understanding of data modeling (star schema / dimensional modeling), relational databases, and ETL/ELT processes.

Hands-on experience with product analytics and event tracking (GA4, Amplitude, Mixpanel, PostHog or similar), including the metrics that go with it — activation, retention, cohorts, funnels.

Comfortable with commercial metrics: unit economics, CAC/LTV, contribution margin, pricing logic.

You organise yourself: you can take an unclear requirement, structure it, and drive it without someone breaking it down for you.

Comfortable presenting your own results to client stakeholders.

Analytical mindset with a structured and solution-oriented approach.

Strong communication skills and ability to translate business needs into technical requirements.

Completed IT-related education or equivalent qualification.

Excellent English skills; German is a plus.

Nice to have

Familiarity with investment or financial data (portfolio analytics, performance metrics, fund reporting).

Experience with Microsoft Azure, Fabric, dbt, Snowflake, or a similar modern data stack.

Python for data work.

Benefits

The Numbers: €55,000 – €65,000 gross annually (positioned according to your competencies)

Daily Perk: your choice: a public transport subsidy or a tax-free daily lunch allowance.

Permanent discounts with 600+ top brands via our Corporate Benefits platform.

Flexibility & Trust: Flexible working hours and home office to balance your life, while keeping a vibrant team dynamic in our offices.

Change of Scenery: Work remotely from anywhere within the EU (up to 20 days/year) or take advantage of our sabbatical options.

Exciting Playground: Dive into different industries, apps, and digital solutions with a ton of creative freedom.

Latest Software: We work with what's current. If you know something newer and better, let's test it.

International Team: A well-established, experienced crew located in Austria, Germany, Hungary and Switzerland.

Flat Hierarchies: Your input finds open ears—whether it's about designs, business ideas, or party plans.

Feedback Culture: open, and direct.

Cool Workplace: Collaboration happens right in the middle of Vienna.

Our Process

We run a 3-stage process to get a clear picture of who you are — and to give you a clear picture of us. We position the role based on competencies, not titles.",,https://at.linkedin.com/company/trinsik,,,,,,,,,,,,,,,85
li-4404546868,linkedin,https://www.linkedin.com/jobs/view/4404546868,,Senior AI Engineer,Radancy,"Vienna, Vienna, Austria",2026-09-16,,,,,,,False,,,,,"Overview

Radancy is the global leader in talent acquisition software, helping employers attract and hire the right talent through AI-powered recruiting technology, data-driven insights, and world-class candidate experiences. Our platform enables organizations to streamline hiring, strengthen employer branding, and drive measurable recruitment outcomes at scale.

About The Role

As a Senior AI Engineer on our AI Product & Engineering Team, you’ll help create new AI solutions that connect leading brands with top talent. Your creative problem‑solving will enhance our platform’s impact while accelerating your professional growth.

What does a great Senior AI Engineer do? 

Design and develop the foundations of our AI Architecture.
Define data collection and modeling frameworks.
Implement, maintain and improve classification pipelines and inference for AI Models.
Improve application performance using quantitative metrics and business KPIs.
Designing scalable, automated data pipelines using tools like Apache Kafka.
Explore and implement solutions to classification problems in cooperation with Data Scientists
Working collaboratively with other AI Engineering teams in cross product efforts.

Qualifications 

3+ years as an AI Engineer or equivalent experience.
Strong background in Software Engineering 5+ years of experience or equivalent
Experience with distributed event streaming platforms (Apache Kafka).
Experience building backend services in a strongly typed language (Rust, Scala, Go, or similar).
Knowledge of AI / ML fundamentals and model optimization techniques.
Knowledge of NLP, LLMs, RAG, and embedding models.
Experience with cloud infrastructure (AWS) and CI/CD pipelines for deploying and maintaining backend services.
Experience working on highly concurrent backend systems with durable state and fault tolerance.
Knowledge of MLOps, LLM evaluation, and model lifecycle management.
Understanding of responsible AI, security, and compliance in production systems including AWS guardrails and response style tuning.
Experience with graph databases (Neo4j, AWS Neptune).

Personality

Quick thinking and acting with minimal/no supervision.
Self-driven, independent, creative, and eager to learn new skills.
Ability to work effectively with incomplete information.
Great communication skills.
Experience with and desire to work for an asynchronous, remote, and global team.

Company Values: At Radancy, we are dedicated to the core values that guide our work and culture:

Innovative Spirit Innovation leads the way. We have a rich history of developing and delivering what’s new and next while valuing every voice on our team. Together, we’re shaping the future and leading the industry forward.
Rewarding Impact Work that matters. We strengthen organizations with transformative software that connects people around the world to meaningful careers. This work makes a difference in people’s lives and inspires our team to advance technology with purpose.
Performance Driven Success drives results. We use data and insights to inform strategy and maximize performance for our customers, all backed by our global teams committed to exceeding expectations with unmatched expertise and support.
Supportive Teams Collaboration is our backbone. We foster an environment that inspires our team members to deliver industry-defining technology. We empower our teams to learn from each other, grow their skills and create positive change in their work and communities.

Salary Range: EU €75,000- €80,000

The above range is based on a wide array of factors unique to each candidate including, but not limited to, skill set, years and depth of experience, certifications and specific office location.

Radancy is an equal opportunity employer and welcomes all qualified applicants regardless of race, ethnicity, religion, gender, gender identity, sexual orientation, disability status, protected veteran status, or any other characteristic protected by law. We actively work to create an inclusive environment where all of our employees can thrive. If you require any accommodations during the application process, please reach out to us at recruiting@radancy.com , and we will work with you to meet your needs.",,https://www.linkedin.com/company/radancy,,,,,,,,,,,,,,,15
li-4465982007,linkedin,https://www.linkedin.com/jobs/view/4465982007,,Senior Data Analyst Logistik (m/w/d),XXXLdigital – Part of XXXL Group,"Vienna, Vienna, Austria",2026-09-16,,,,,,,False,,,,,"Wien, Linz, Wels (AT)

Vollzeit

Willkommen bei XXXLdigital, wo digitale Innovation echte Wirkung zeigt. Als digitale Organisationseinheit der XXXL-Gruppe widmen wir uns allen Facetten des E-Commerce und stationärem Handel. Die Zusammenstellung von Produken für die Online-Shops, die Optimierung des Kund:innenerlebnisses und die Abwicklung des digitalen Marketings – all das zählt zu unserem Kerngeschäft. Die Bedürfnisse unserer Kund:innen stehen bei uns im Mittelpunkt, um ein nahtloses Omnichannel-Einkaufserlebnis zu bieten. Unsere Vision ist es, mit unseren Online-Shops und Filialen der marktführende Möbel- und Einrichtungshändler zu sein. Bei XXXLdigital schätzen wir Authentizität und Vielfalt. Wir fördern ein Umfeld, in dem du dich wirklich entfalten und dein Potential voll nutzen kannst. In dieser Rolle liegt dein fachlicher Schwerpunkt auf der Service Logistik. Dabei arbeitest du eng mit den zuständigen Fachbereichen und Ansprechpartner:innen zusammen.

Das Bist Du

Du verfügst über mehrjährige praktische Erfahrung im Bereich Data Analytics, idealerweise in einem datenintensiven Unternehmens-, Handels- oder Logistikumfeld
Ein abgeschlossenes Studium oder eine vergleichbare Ausbildung in Data Analytics, Wirtschaftsinformatik, Statistik, Logistik oder einem verwandten Fachgebiet ist von Vorteil
Du denkst analytisch, stellst die richtigen Fragen und kannst aus Daten klare, nachvollziehbare Erkenntnisse sowie konkrete Handlungsempfehlungen ableiten
Du verfügst über sehr gute SQL-Kenntnisse und bist sicher im Umgang mit relationalen Datenbanken, Data-Warehouse-Systemen und weiteren Datenquellen
Erfahrung mit Python ist von Vorteil
Du hast Erfahrung in der Aufbereitung und Analyse von Daten sowie im Umgang mit BI- und Reporting-Tools, idealerweise Power BI oder vergleichbaren Lösungen
Du arbeitest sorgfältig und qualitätsbewusst, hinterfragst Daten und Ergebnisse kritisch und hast ein gutes Gespür für Unstimmigkeiten, Datenlücken und unterschiedliche KPI-Definitionen
Du kannst komplexe Sachverhalte verständlich und adressatengerecht aufbereiten – in Dashboards, Reports und im persönlichen Austausch - Dabei arbeitest du strukturiert und kooperativ mit Fachbereichen, technischen Ansprechpartner:innen und Kolleg:innen zusammen
Du verfügst über sehr gute Deutschkenntnisse, gute Englischkenntnisse und dokumentierst deine Analysen und Ergebnisse nachvollziehbar

Das Sind Deine Aufgaben

Du führst Ad-hoc-Analysen zu logistischen Fragestellungen eigenständig durch und bereitest die Ergebnisse als belastbare Entscheidungsgrundlage für die Fachbereiche auf
Du entwickelst und pflegst Reports, Dashboards und regelmäßige Auswertungen zu Auslieferungen, Liefertreue, Retouren und Beständen
Du analysierst logistische Kennzahlen, erkennst Entwicklungen und Abweichungen und leitest daraus gemeinsam mit den Fachbereichen konkrete Verbesserungsmaßnahmen ab
Du automatisierst wiederkehrende Auswertungen und Excel-basierte Listen oder Reports, um manuelle Aufwände zu reduzieren und die Qualität sowie Aktualität der Informationen zu verbessern
Du unterstützt bei der Klärung von Datenqualitätsprobleme, Fragen zu bestehenden Reports und Anforderungen an Daten oder Auswertungen - Dabei analysierst du Ursachen, koordinierst die Abstimmung mit den zuständigen Ansprechpartner:innen eigenständig und dokumentierst Lösungen
Du begleitest Anfragen zu Datenzugriffen und Berechtigungen im Rahmen der geltenden Vorgaben und stellst sicher, dass Datenstand, Filter, KPI-Logik und bekannte Einschränkungen in deinen Auswertungen transparent sind

Das Erwartet Dich

Gesundheit & Wohlfühlen: Gratis Kaffee, Tee, Getränke, frisches Obst und Gemüse sowie vergünstigte Mahlzeiten in der Kantine oder Essenszuschüsse (standortabhängig). Moderne Arbeitsplätze für alle Bedürfnisse
Kultur & Entwicklung: Wir schätzen Eigenverantwortung, flache Hierarchien und offenes Feedback. Wir leben einen Teamgeist, in dem Unterstützung und Zusammenarbeit großgeschrieben werden. Genieße 2 Learning-Days pro Quartal, einen internen Lerncampus und externe Entwicklungsmöglichkeiten
Flexible Work-Life Balance: Genieße flexible Arbeitszeiten und diverse Möglichkeiten für Homeoffice
Feiern & Meilensteine: Teamevents und besondere Aufmerksamkeiten für Geburtstage und Jubiläen
Standortspezifische Benefits: Maßgeschneiderte Benefits, die auf die Bedürfnisse der jeweiligen Standorte zugeschnitten sind

Über XXXLdigital

Wir scheuen nicht die Vielfalt – wir feiern sie. Sei du selbst und zeig uns wer du bist!

Dich erwartet ein Jahresbruttogehalt ab 63.000 € - mit der klaren Bereitschaft zur Überzahlung, wenn du durch Erfahrung und Know-how überzeugst. Alles weitere dazu besprechen wir gerne persönlich.

Let’s excite together! 

Interesse? Ines freut sich auf deine Bewerbung:",,https://at.linkedin.com/company/xxxldigital,,,,,,,,,,,,,1,german,
li-4458750414,linkedin,https://www.linkedin.com/jobs/view/4458750414,,Revenue Operations Lead,fonio.ai,"Vienna, Vienna, Austria",2026-09-16,,,,,,,False,,,,,"About Fonio

We grew from $1M to $10M ARR in under 12 months and now serve 10,000+ customers.

Fonio is Europe’s market leader for AI phone agents for SMBs. Now we’re expanding globally and into new products.

We move fast, take ownership, give direct feedback, and avoid politics and unnecessary meetings.

Join one of Europe’s fastest-growing companies.

Your Role

As Revenue Operations Lead, you’re the analytical engine behind our revenue organization — and the closest thing our CCO has to a co-pilot.

You’ve done this before at a B2B SaaS scaleup. You know what happens to funnel definitions, forecasts, and reporting when a company multiplies revenue in a year — and you know how to keep the numbers true while everything around them changes. That’s exactly the situation here.

This is not a back-office function. You work directly with the CCO, you own the numbers behind every major GTM decision — channel mix, market expansion, headcount, pricing — and you’re expected to bring a view, not just a dashboard. When we ask “is France working?”, “where does our funnel leak?”, or “which partner actually drives revenue?” — you don’t guess. You know, and you already have a recommendation.

If you want to run analyses in peace, two layers away from the decisions, this is the wrong job. If you want your numbers to set the agenda in the room where decisions are made, it’s the right one.

What You’ll Do

Revenue performance: Own revenue performance across all channels and every funnel stage — direct sales, partnerships, self-serve, from first touch to closed-won and expansion. You define what we measure, how stages and pipelines work, and what “good” looks like. A dedicated ops team executes the changes in HubSpot — your time goes into analysis and decisions, not building workflows.
Headcount & revenue planning: Partner with the CCO on revenue and headcount planning — capacity models, ramp curves, quota coverage, and per-market hiring needs. When we decide how many reps a market gets next quarter, your model is the starting point.
Reporting & forecasting: Build and run the dashboards leadership actually uses — MRR, conversion rates per stage and rep, pipeline coverage, forecasts. Turn “we feel behind” into “here’s exactly what changed and why.”
International performance: Own the numbers for our expansion markets end-to-end. Track direct-sales performance per market and per rep, spot what’s working in one country and roll it out to the next.
Partnership performance: Build the reporting and operating cadence for our reseller and partner business — partner-sourced pipeline, activation, revenue attribution — and work directly with our Partnership team to double down on what performs.
AI-first operations: We don’t scale RevOps with headcount, we scale it with agents. You’ll build and run AI-powered reporting and analysis workflows (Claude, MCP integrations, automation) so a lean team operates like a big one.
GTM experiments: Partner with the CCO and country leads on pricing, comp, territory, and funnel experiments — and be the one who tells us, fast, whether they worked.

What You Bring

3+ years in Revenue Operations, Sales Operations, or a data-heavy GTM role in B2B SaaS — ideally through a scaleup phase where revenue multiplied fast and you kept the numbers true while everything changed. High-velocity SMB motion strongly preferred.
Deep CRM understanding (HubSpot ideally) — you’ve built reports, workflows, and data models hands-on before, so you can spec exactly what our ops team should build and challenge it when it’s wrong. You direct execution; you don’t sit in the ticket queue.
Strong analytical backbone: you’re fluent in funnel metrics, cohort thinking, and forecasting, and you communicate numbers so clearly that decisions follow.
Genuine excitement for AI tooling — you already use LLMs and automation in your daily work and want to push that much further.
Experience with international or multi-market GTM setups is a big plus; partnership/channel experience even more so.
Fluent English; German is a plus.
You run your area like it’s your company.

What You Get

€75.000–€110.000 depending on experience
Equity - you build it, you should own a piece of it
Direct collaboration with the CCO and both founders
A seat at the table for every major GTM decision - your numbers set the agenda
Modern high-end equipment, central office in Vienna’s 7th district with a big roof terrace, relocation support if you’re not based here

Hiring Process

15 min intro call 
45 min skills interview 
Culture call with our founders",,https://at.linkedin.com/company/fonio-ai,,,,,,,,,,,,,1,0%,0
li-4467984519,linkedin,https://www.linkedin.com/jobs/view/4467984519,,Senior Data Engineer,ITmatch,"Vienna, Austria",2026-09-16,,,,,,,False,,,,,"Databricks & GenAI Unicorn Wanted 🦄 (aka Senior Databricks Engineer)

Can you build on Databricks, orchestrate agents with LangGraph, AND explain it to a business manager without triggering an existential crisis? We need you.

Type: Contract (B2B)
Duration: 9–12 months
Location: Remote + Vienna trips

The Mission:

We are looking for a rare breed: a solid Databricks Engineer who has crossed over to the dark side of GenAI and Agentic systems. You’ll be building a real, production-grade AI agent application for internal teams. No endless PoCs that die in a slide deck — real production, real scale.

What You’ll Actually Do:

Tame Databricks (Model Serving, LLM Gateway, MLflow, Unity Catalog).
Deploy clean code without human intervention using Databricks Asset Bundles (DAB).
Build smart agentic flows using LangGraph & LangChain (and know when not to overengineer an agent).
Tweak RAG, optimize system prompts, and handle context limits like a pro.
Translate technical ""magic"" into clear business logic for stakeholders.

Your Tech Toolbox:

Databricks Core: Unity Catalog, Model Serving, LLM Gateway, MLflow.
CI/CD: Databricks Asset Bundles (DAB).
GenAI / Orchestration: LangGraph, LangChain, RAG architecture, Prompt Engineering.
Languages: Python (Fluent), English (Fluent), Business-to-Tech translation (Native).

Why Take This?

Zero PoC Hell: A true production project for a major banking group.
Cutting-Edge Stack: DAB, LLM Gateway, LangGraph in one place.
Best of Both Worlds: Remote freedom with occasional coffee/schnitzel syncs in Vienna.

#Databricks #GenAI #LangGraph #LangChain #AgenticAI #MLOps #LLMOps #AIEngineer #DataEngineering #RAG #FreelanceIT #RemoteJobs",,https://sk.linkedin.com/company/itmatch-com,,,,,,,,,,,,,,,45
li-4465990054,linkedin,https://www.linkedin.com/jobs/view/4465990054,,Senior AI Engineer,techPEOPLE Group,"Vienna, Austria",2026-09-16,,,,,,,False,,,,,"Tech People is a European provider of technical skills permanent recruitment and temporary contracting services for multiple industries.

Currently we are looking for
SENIOR AI/ML DEVELOPER

Location: Vienna, on-site
Salary: competitive
Type of employment: contracting, full time

Responsibilities:
Design, develop, and optimize AI/ML solutions for computer vision and image processing applications.
Build and maintain deep learning models for object detection, image segmentation, and related use cases.
Develop scalable data processing pipelines and Python-based software components following engineering best practices.
Create and integrate RESTful services to support enterprise-level AI solutions.
Collaborate with business and technical stakeholders to deliver, deploy, and continuously improve AI/ML applications.

Requirements:
University degree in Software engineering or related field
5+ years of experience in developing Deep Learning Solutions for processing image data (convolutional networks), Computer vision
Expert knowledge of models for real-time object detection and image segmentation (e.g., YOLO, SAM)
5+ years of experience in major AI software frameworks like PyTorch, TensorFlow and model formats like ONNX
Strong experience in design and implementation of data processing pipelines
Expert knowledge developing complex software packages using Python applying software engineering principles
Familiarity with building REST backends to integrate into enterprise solution
Experience with ClearML or similar platforms for streamlining AI development and deployment
Familiarity with Windows and Linux operating systems
Git source control experience
Hands-on mentality and fast-prototyping skills to evaluate new technologies and model approaches
Excellent communication and presentation skills; candidate needs to communicate with users, business analysts, subject-matter experts, IT security experts and inspectors
Fluency in written and spoken English

If this opportunity sounds interesting to you, feel free to send us your CV—we’d be happy to hear from you.",,https://hu.linkedin.com/company/tech-people-hungary,,,,,,,,,,,,,,,25
li-4467120202,linkedin,https://www.linkedin.com/jobs/view/4467120202,,Risk Manager:in (m/w/d),Kathrein Privatbank AG,"Vienna, Austria",2026-09-16,,,,,,,False,,,,,"Die Kathrein Privatbank zählt zu den führenden Privatbanken im deutschsprachigen Raum. Unsere Kernkompetenz liegt in der Verwaltung von privatem, unternehmerischem und institutionellem Vermögen sowie dem Vermögen von Privatstiftungen.

Als Risk Manager:in bist Du mit vielfältigen, verantwortungsvollen Aufgaben betraut.

WIR BIETEN:

•	Arbeitsort im Zentrum Wiens mit Homeoffice, Diensthandy und -laptop
•	Gesundheitsförderung durch Vergünstigungen, Coaching und Betriebsärztin
•	Attraktive Sozialleistungen, z.B. Diverse Rabatte & 8€ Essensgutschein pro Arbeitstag
•	Vielseitiges Aufgabengebiet in einem erfolgreichen internationalen Unternehmen mit Du-Kultur und strukturierter Einschulung, sowie Weiterbildungsmöglichkeiten
•	Mindestjahresbruttogehalt auf Vollzeitbasis von € 45.000 – abhängig von Berufserfahrung und Qualifikation ist marktkonforme Überzahlung vorgesehen.

DEINE AUFGABEN:

•	Du analysierst die Marktrisiken im Bankbuch – insbesondere das Zinsänderungsrisiko (IRRBB) und das Credit-Spread-Risiko (CSRBB) – und bringst Deine Erkenntnisse in die Gesamtbanksteuerung ein.
•	Du begleitest den Modellierungsprozess des Kundenverhaltens für das Zinsrisiko- und Liquiditätsmanagement
•	Du analysierst das Liquiditätsrisiko und verantwortest insbesondere Liquiditätsstresstests sowie die Kennzahlen LCR und NSFR.
•	Du erstellst Ad-hoc-Analysen zum Portfolio auf Basis des Data Warehouse und bereitest die Ergebnisse als fundierte Entscheidungsgrundlage auf
•	Du setzt Limits für Treasury-Aktivitäten und überwachst deren Einhaltung.
•	Du erstellst das Risikoreporting und koordinierst die Erstellung des Gesamtbankrisikoreports.
•	Du verbesserst kontinuierlich die Datenqualität und entwickelst die Datenanlieferung an die RBI weiter.
•	Du hast Freude daran mithilfe von Programmierung und AI, Prozesse zu automatisieren und effizienter zu gestalten.
•	Du wirkst an bereichsübergreifenden Risikoprojekten mit und gestaltest die Weiterentwicklung von Methoden, Prozessen und Systemen aktiv mit 

DEIN PROFIL:

•	Bachelor- oder Master-Abschluss in BWL, VWL, Wirtschaftsinformatik, Mathematik, Physik oder ähnliches 
•	Erste oder mehrjährige Berufserfahrung im Markt- und Liquiditätsmanagement oder allgemein Risikomanagement, Beratung, Bankenaufsicht oder ähnliches von Vorteil
•	Fachwissen in den Bereichen Marktrisiko, Liquiditätsrisiko, Kenntnisse der regulatorischen Rahmenbedingungen oder Erfahrungen im Bereich Rechnungswesen von Vorteil
•	Sehr gute MS Office Kenntnisse
•	SQL, VBA, Python sowie bankspezifische Softwarekenntnisse (z.B. Bloomberg, etc.) von Vorteil
•	Du interessierst dich für Artificial Intelligence, Entwicklung von AI Agents sowie anderen AI-gestützten Lösungen für das Risikomanagement
•	Eigeninitiative sowie eine genaue und strukturierte Arbeitsweise
•	Hohe Zahlenaffinität
•	Sehr gute Deutsch- und Englischkenntnisse

Genauigkeit, Engagement, Team- und Lernfähigkeit runden Dein Profil ab.

Kathrein ist bestrebt ein vielfältiges Umfeld zu fördern und ist stolz darauf, ein Arbeitgeber zu sein, der Chancengleichheit bietet. Wir begrüßen alle qualifizierten Bewerbungen, unabhängig von Alter, Hautfarbe, Herkunft, politischer oder religiöser Überzeugung, körperlicher Beeinträchtigung, Geschlecht oder sexueller Orientierung.

Wir freuen uns auf die Zusendung Deines Lebenslauf, gerne ohne Foto.

Weitere Unterlagen sind im Moment nicht notwendig – wir möchten Dich gerne kennenlernen und alles Weitere in einem persönlichen Gespräch besprechen.",,https://at.linkedin.com/company/kathreinprivatbank,,,,,,,,,,,,,1,german,
li-4454257495,linkedin,https://www.linkedin.com/jobs/view/4454257495,,Data Scientist (m/f/x),ADMIRAL Technologies,"Vienna, Austria",2026-09-15,,,,,,,False,,,,,"Start your tech career made in Austria as Data Scientist (m/f/x) . Develop yourself and with us the software solutions of tomorrow.

YOUR TECH-PART IN OUR TEAM
End-to-end development, deployment, and optimization of robust Machine Learning models that generate measurable business impact
Identification of new opportunities through advanced data analysis and translation of complex insights into actionable strategies that drive sports betting business value
Acting as a trusted partner to cross-functional stakeholders by enabling data-driven decision-making and delivering innovative solutions into production
Continuous evaluation, adoption, and application of emerging technologies, statistical methodologies, and Machine Learning algorithms

OUR FEATURES
State-of-the-Art Technologies
We understand the usage of State-of-the-Art-Technologies as part of our mission.
Modern Company
That means for you: flat hierarchies, interdisciplinary teams and wide-ranging opportunities for self-realisation.
Attractive working environment
Life-phase oriented adaptation possibilities, hybrid work, flexible working hours, individual & systematic training, ergonomic workplace, top hardware and much more.
Explicit willingness to overpay
You offer more than required? Perfect, we do too! Dependent on your qualifications and experience we agree on your real salary. The annual gross salary for this position is at least at € 70.000 (full-time).

YOUR TECH-STACK
Completed higher education (FH, university degree, or equivalent) in a relevant field
Minimum of 3 years of professional experience in Data Science, preferably in the sports betting industry
Strong proficiency in Python including key ML libraries as well as SQL
Experience with ML pipelines, model deployment, and operationalization
Strong analytical and communication skills with the ability to translate data-driven insights into actionable recommendations
Experience with AWS SageMaker or a comparable cloud ML platform is a plus

SUCCESS? PREPROGRAMMED! We are ADMIRAL Technologies.
We develop & operate entertainment software. As the technology arm of the ADMIRAL Group, we are passionate about creating an innovative product experience for our customers and becoming one of the leading technology providers in the sports betting sector, both nationally and internationally. Working at ADMIRAL Technologies means being part of an internationally successful group and still experiencing the flexibility and spirit of a start-up. Develop yourself and with us the software solutions of tomorrow! Learn more here: www.admiral-technologies.at

ADMIRAL Technologies - A clear victory for your future! #successpreprogrammed",,https://at.linkedin.com/company/admiraltechnologies,,,,,,,,,,,,,,,85
li-4458740318,linkedin,https://www.linkedin.com/jobs/view/4458740318,,Researcher / Research Scholar - Climate Impacts and Damages,International Institute for Applied Systems Analysis (IIASA),"Laxenburg, Lower Austria, Austria",2026-09-15,,,,,,,False,,,,,"The role and tasks will evolve, in the medium- to long-term likely contributing to activities in various projects (such as Horizon Europe projects), collaborating with other scientific experts and engaging with relevant communities (e.g. impacts, attribution, risks, compounds), in Europe and across the world. These activities may contribute to scientific assessments in of themselves, for public-facing dissemination such as climate risk dashboards, and/or to other modelling activities such as the representation of climate impacts in integrated assessment modelling.

,

MAIN TASKS AND RESPONSIBILITIES

,

In the following items, we deliberately use the words “contribute” to and “develop” to respectively distinguish between the more supportive role of Researcher (R1) and independent role of Research Scholar (R2).

Apply and adapt the RIME-X workflows to generate scenario-based projections of climate impact drivers, exposure and risk
Contribute to / develop new methodology for attribution analysis in the RIME-X framework using ISIMIP3a obsclim/counterclim runs
Contribute to / develop new methodology for compound extreme indicators in the RIME-X framework
Produce and refine climate impact indicators across different clusters (health/heat, food/water, marine, energy/transport, economy/labor, fire/air quality, compound extremes)
Process large volumes of multi-model gridded climate and impact data into consistent indicators and statistics
Support internal review and external communication with appropriate analysis and material
Develop and document version-controlled code for development of methods and reproducible re-processing of data and analysis
Contribute to / lead written outputs, including reports and scientific papers
Present methods and results to technical and non-technical audiences

,

Skills, Qualifications & Experience

,

 Education and Background

Master's (R1) or PhD (R2) degree in a related field of physical/natural sciences or engineering (e.g. mathematics/physics, climate science/earth/environmental science, hydrology, civil engineering)

Essential skills and competencies:

Knowledge of climate change modelling and impacts, attribution methods, compound extreme methodologies and statistics, and development of indicators of climate extremes and compounds
Knowledge of and experience with the transfer of risk from physical hazards onto socioeconomic sectors, infrastructure and demographic cohorts
Proficient programmer, with experience in packages such as xarray, pandas, numpy, scipy
Familiarity with climate/impact model output (e.g. ISIMIP, CMIP6) and gridded geospatial datasets (netCDF)
Knowledge of relevant statistical methods (distributions, regressions, percentiles, return-periods, extreme value theory, non-stationary trend analysis, copula methods of compound & multivariate extremes)
Demonstrated experience in writing up methodologies and results in reports, scientific publications and/or policy-relevant materials
Full fluency in English, both written and spoken.
Ability to work well as part of a team and independently.

Desirable skills:

Familiarity with global scenario and integrated assessment modelling frameworks is desired

,

APPOINTMENT TERMS

,

The successful candidate should be available to take up the position as soon as possible - No later than January 2027.

The place of work is IIASA in Laxenburg, near Vienna, Austria (home office options available).

The successful candidate will be appointed as a researcher (R1) OR Research Scholar (R2) depending on qualifications and experience and in accordance with the IIASA profiles for research careers.

We offer

1-year full-time fixed-term contract (100%, 40 hrs/week), with the possibility of extension thereafter. Flexible arrangements on duration can be discussed, and part-time arrangements will also be considered. 
An attractive annual salary starting at EUR 42,374, exempt from income tax in Austria (social insurance deductions still apply), negotiable depending on the research level you are appointed to.
The possibility to contribute to environmental sciences for sustainability and global wellbeing.
An international atmosphere and pleasant working environment in a historic market town surrounded by green areas.

IIASA salaries are:

Not directly comparable with other employers in Austria, due to the unique legal status and privileges granted to IIASA.
Subject to the principle of income aggregation (Progressionsvorbehalt in German).

Additional BENEFITS

Educational subsidies for children of school age enrolled in private schools in Austria.
A generous annual leave entitlement.
Relocation allowances and paid home leave for employees who are hired from international locations.
Assistance for newcomers to Austria with visa, work and residency permit applications.
Support finding accommodation in Austria. 

Further details here.

, About IIASA,

IIASA is committed to a working environment that promotes equality, diversity, tolerance and inclusion within its workforce. This is reflected in our IIASA core values. We encourage qualified candidates from all religious, ethnic, and social backgrounds to apply. In the case that candidates are equally qualified, preference will be given to applicants from countries where IIASA has a Member Organization.

, Further Information,

For further information about this opportunity please contact:

WAGNER Pat - Program and Project Officer (IACC/ICI)

BYERS Edward- Sr. Research Scholar (IACC)

SCHLEUSSNER Carl-Friedrich- Research Group Leader and Principal Research Scholar (ICI)",,https://at.linkedin.com/company/iiasa-vienna,,,,,,,,,,,,,,,15
li-4458224075,linkedin,https://www.linkedin.com/jobs/view/4458224075,,Expert:in Aktuariat Krankenversicherung - Datenanalyse & Tarifmanagement,UNIQA Insurance Group,"Vienna, Vienna, Austria",2026-09-15,,,,,,,False,,,,,"Competencies: Handlungsorientiert; Arbeitet mit anderen zusammen; Mut

Als eine der führenden Versicherungen wissen wir, dass wir gemeinsam mehr bewegen können. Bei UNIQA sind wir deshalb die Gemeinschaft für ein besseres Leben. Wir nutzen unsere individuellen Fähigkeiten, um zusammen eine bessere Zukunft zu gestalten. Erzähle uns von deinen Stärken und bewirb dich als Expert:in Aktuariat Krankenversicherung - Datenanalyse & Tarifmanagement 

Gestalte mit uns die Zukunft der privaten Krankenversicherung

Bei uns kannst du die Weiterentwicklung unserer Tarife, Systeme und Prozesse aktiv mitgestalten. Du arbeitest an der Schnittstelle von Aktuariat, Datenanalyse und IT und leistest einen wesentlichen Beitrag zur Steuerung und Zukunftsfähigkeit unserer privaten Krankenversicherung.

Das Erwartet Dich

Tarifmanagement & Aktuariat: Mitarbeit bei Prämienanpassungen sowie der Analyse und Aktualisierung aktuarieller Rechnungsgrundlagen
Datenanalyse & Bestandsmonitoring: Analyse von Bestands-, Leistungs- und Kostenentwicklungen sowie Durchführung von Ad-hoc-Auswertungen
Automatisierung & Digitalisierung: Weiterentwicklung datenbasierter Analysen und Reportings in R/RStudio sowie Automatisierung bestehender Prozesse
Systeme & Modellierung: Mitarbeit bei der Modellierung in VPMS sowie der Weiterentwicklung aktuarieller Anwendungen und Systeme
Fachcontrolling & Bestandsmanagement: Weiterentwicklung des Fachcontrollings sowie Mitwirkung an der fachlichen Betreuung und Qualitätssicherung unseres Krankenversicherungsbestands
Modernes Umfeld: Fachlich versiertes, hilfsbereites Team mit kurzen Entscheidungswegen und enger Zusammenarbeit im Aktuariat Krankenversicherung

Wir Erwarten Uns

Teamplayer:in mit analytischem Denken, Engagement und Eigeninitiative
Abgeschlossenes Studium der Mathematik, vorzugsweise Finanz- und Versicherungsmathematik, oder eine vergleichbare Qualifikation
Sehr gute Programmierkenntnisse in R und RStudio
Weitere Programmierkenntnisse (z. B. Python, VPMS) sind ein Plus
Kenntnisse der privaten Krankenversicherung in Deutschland oder Österreich von Vorteil
Strukturierte, analytische und genaue Arbeitsweise
Sehr gute Deutsch- und Englischkenntnisse
Offenheit für innovative Technologien sowie die Bereitschaft, Künstliche Intelligenz verantwortungsvoll in der täglichen Arbeit einzusetzen und die eigenen Fähigkeiten kontinuierlich weiterzuentwickeln

Wir bei UNIQA leben Vielfalt und setzen bewusst auf unterschiedliche Perspektiven in unseren Teams und Führungspositionen. Daher sind Bewerbungen, die unsere Vielfalt bereichern, ausdrücklich willkommen. Bei Fragen zur Barrierefreiheit wende dich bitte an die im Inserat genannte Ansprechperson auf der rechten Seite.

Du bist dir nicht sicher, ob dein Profil unseren Anforderungen entspricht? Bewirb dich trotzdem! UNIQA sucht nach Kandidat:innen mit Ambition, Mut zur Veränderung und Begeisterungsfähigkeit!

Benefits: Stressfrei zur Arbeit: Optimale Erreichbarkeit mit öffentlichen Verkehrsmitteln; Flexible Arbeitszeiten: Unsere Arbeitszeit passt zu deinen Bedürfnissen; Individuelles Onboarding & persönliche Begleitung für deinen erfolgreichen Start im Team; Wir bieten dir verschiedene Weiterbildungsmöglichkeiten, um beruflich und persönlich zu wachsen; Wir übernehmen 50% deines Öffi-Jahrestickets",,https://at.linkedin.com/company/uniqa-insurance-group-ag,,,,,,,,,,,,,1,german,
li-4448408130,linkedin,https://www.linkedin.com/jobs/view/4448408130,,Senior Manager – Data Science (m/w/d),Simon-Kucher,"Vienna, Vienna, Austria",2026-09-15,,,,,,,False,,,,,"In Österreich - Wien

Du suchst ein innovatives und agiles Arbeitsumfeld, in dem du bei namhaften Unternehmen und Start-ups echten Mehrwert schaffen kannst? Dann werde Teil von Elevate, dem Beratungsteam von Simon-Kucher für digitale Transformations- und KI-Projekte.

Unterstütze Unternehmen dabei, fundierte Entscheidungen zu treffen und nachhaltiges Wachstum zu erzielen, indem du Daten in konkrete und umsetzbare Erkenntnisse übersetzt. Du möchtest deine Führungserfahrung weiter ausbauen und die Zukunft von Data Science, Analytics und künstlicher Intelligenz aktiv mitgestalten? Dann werde zum Wegbereiter für digitales Wachstum und verstärke uns als Senior Manager Data Science.

Mehr Von Uns Für Dich

Steile Lernkurve: werde Teil unserer Projektteams und arbeite an spannenden Fragestellungen und nachhaltigen Wachstumsstrategien für unsere Kunden. In einem schnell wachsenden internationalen Unternehmen mit Start-up-Atmosphäre übernimmst du von Beginn an Verantwortung.
Horizont erweitern: durch umfangreiche Inhouse Trainings- und Fortbildungsprogramme (ergänzt durch LinkedIn Learning) sowie die Möglichkeit zum Educational Leave
Umfassendes Onboarding: national mit allen New Joinern aus Deutschland und international im Rahmen unseres globalen Onboardingprogramms. So lernst du wichtige Ansprechpersonen kennen und baust direkt dein Netzwerk auf.
Gefragte Perspektiven: mit umfassenden Feedback- und Entwicklungsprozessen inklusive 360-Grad-Feedbackgesprächen
Fernweh stillen: durch die Möglichkeit zur „Office Rotation“ an einen unserer internationalen Standorte 
Attraktive Vergütung: Bonus-Zahlungen, Beteiligung am Unternehmenserfolg, hybrid Working-Zuschuss
Gut umsorgt: mit einem großzügigen Budget für deine Gesundheit (flexibel einsetzbar für Fitness-Studio, Sport-Zubehör, Massagen u.v.m.), vielen Angeboten zur mentalen Gesundheit 
Easy durch den Alltag: dank Hybrid Working, Firmenrabatten und einem monatlichen Zuschuss für deine (private) Mobilität für die Wiener Linien Jahreskarte.
Erfolge gemeinsam feiern: bei regelmäßigen Mitarbeitenden-Events (Office-Events, Sommerfest, Weihnachtsfeier u.v.m.) 
Gemeinsam wachsen: Nachhaltig und langfristig! Darum dreht sich alles bei Simon-Kucher. Unsere Stärke: ein mitreißendes, hoch motiviertes und sympathisches Team. Und jetzt kommst du: mitten hinein in die offene, wertschätzende Start-up-Atmosphäre eines etablierten Unternehmens mit 40-jähriger Erfolgsgeschichte.

Hier Bewegst Du Was

Du berätst Kunden aus unterschiedlichen Branchen bei der Entwicklung und Implementierung KI-gestützter und auf Machine Learning basierender Produkte und Lösungen. 
Du leitest Data-Science- und KI-Projekte ganzheitlich, steuerst interdisziplinäre Projektteams und stellst eine qualitativ hochwertige und termingerechte Umsetzung sicher. 
Du strukturierst komplexe geschäftliche Fragestellungen, entwickelst innovative analytische Lösungen und präsentierst klar begründete, datenbasierte Handlungsempfehlungen gegenüber senioren Kunden-Stakeholdern. 
Du baust vertrauensvolle Kundenbeziehungen auf, verstehst die strategischen Prioritäten unserer Kunden und entwickelst passgenaue Lösungen mit messbarem Mehrwert. 
Du vermittelst Chancen, Anwendungsfälle, Grenzen und den geschäftlichen Nutzen von Data Science, Machine Learning und künstlicher Intelligenz gegenüber internen und externen Entscheidungsträgern. 
Du unterstützt die Geschäftsentwicklung, indem du deine Data-Science- und KI-Expertise in Angebote, Pitches und neue Projektmöglichkeiten einbringst. 
Du begleitest und entwickelst Teammitglieder durch regelmäßiges Coaching, konstruktives Feedback und fachliche Unterstützung. 
Du stärkst die Positionierung von Simon-Kucher in der Analytics- und KI-Community durch Publikationen, Value Propositions, Präsentationen, Veranstaltungen und weitere Thought-Leadership-Aktivitäten. 
Du beobachtest Entwicklungen in den Bereichen Data Science, KI und Advanced Analytics und übersetzt relevante Trends in konkrete Chancen für unsere Kunden und unser Unternehmen. 

Hiermit Begeisterst Du

Du verfügst über mindestens sechs Jahre relevante Berufserfahrung in der Data-Science-Beratung oder in einem datengetriebenen Unternehmensumfeld. 
Du hast ein sehr gut abgeschlossenes Hochschulstudium in einem quantitativen, technischen oder vergleichbaren Fachgebiet. 
Du hast nachweisliche Erfahrung darin, Advanced Analytics und Data Science auf kommerzielle Fragestellungen anzuwenden, insbesondere in den Bereichen Marketing, Marktmodellierung und Pricing. 
Du verfügst über einen nachweislichen Track Record in der Führung kleiner Teams und in der erfolgreichen Umsetzung qualitativ hochwertiger Ergebnisse. 
Du hast Erfahrung in der Steuerung strategischer Projekte, der Koordination interdisziplinärer Teams und der Zusammenarbeit mit Stakeholdern auf unterschiedlichen Hierarchieebenen. 
Du verbindest fundierte praktische Data-Science-Expertise mit einer ausgeprägten Beratungsmentalität. Du strukturierst auch unklare oder komplexe geschäftliche Fragestellungen sicher, arbeitest direkt mit Kunden zusammen und übersetzt anspruchsvolle analytische Erkenntnisse in klare und umsetzbare Empfehlungen. 
Du verbindest ausgeprägte analytische und konzeptionelle Fähigkeiten mit einer strukturierten, pragmatischen und detailorientierten Arbeitsweise. 
Du verfügst über umfassende Kenntnisse relevanter KI- und Machine-Learning-Ansätze, darunter Predictive Modeling, generative KI, Large Language Models und neuronale Netze. 
Du beherrschst Python und SQL und hast praktische Erfahrung in der Entwicklung statistischer Modelle und Machine-Learning-Modelle. Kenntnisse weiterer Programmiersprachen sind von Vorteil. 
Du bist mit führenden Cloud- und Machine-Learning-Plattformen vertraut und verstehst die Anforderungen an die Entwicklung und Implementierung analytischer Lösungen. 
Du sprichst fließend Deutsch und Englisch und kannst komplexe technische Themen verständlich gegenüber geschäftlichen Stakeholdern vermitteln. 

Wir bieten ein jährliches Bruttogehalt ab 100.000 EUR (zuzüglich eines attraktiven Bonus), abhängig von deiner beruflichen Qualifikation und Erfahrung.

Du willst dich gleich bei uns bewerben? Dann schick deine Unterlagen über den „Apply now“-Button zu uns. Bitte beachte, dass wir aus Datenschutzgründen keine Bewerbungen per E-Mail annehmen können. Du willst mehr über uns und unsere Unternehmenskultur erfahren? Hier geht’s zu unserem Recruiting Video .

 Über Simon-Kucher  

Simon-Kucher ist eine globale Unternehmensberatung mit mehr als 2.200 Mitarbeitenden in über 30 Ländern. Unser Fokus liegt darauf, nachhaltiges und profitables Wachstum zu erschließen und für unsere Kunden messbare Umsatz- und Ergebnissteigerungen zu realisieren. Als verlässlicher Partner für Commercial Excellence verbinden wir tiefgehende Beratungsexpertise mit Spezialisierung auf Wachstumsstrategien und technologischer Expertise, um nachhaltige Wertsteigerung zu ermöglichen. Wir optimieren sämtliche Hebel der kommerziellen Strategie – von Produkt, Pricing und Innovation bis hin zu Marketing, Vertrieb und digitalen Geschäftsmodellen – auf Basis fundierter Erkenntnisse zu Kundennutzen und Zahlungsbereitschaft. Mit über 40 Jahren Erfahrung in der Monetarisierung gelten wir als weltweit führende Beratung für Commercial Growth und Pricing. simon-kucher.com

Wir setzen uns für eine Unternehmenskultur ein, die Diversität, Gleichstellung und Inklusion fördert – und damit ein Umfeld der Anerkennung, das individuelle Entfaltung stärkt und den Beitrag eines jeden Einzelnen würdigt. So können wir weitreichende und positive Veränderungen bewirken. Wertschätzung und Anerkennung befähigen uns dazu, schneller zu wachsen, innovativer zu arbeiten und nachhaltigere Ergebnisse für alle zu erzielen – für unsere Teams, unsere Kunden und unser Unternehmen.

Deine Persönliche Ansprechpartnerin

Charlotte Sever

recruitment.germany(at)simon-kucher.com

Bitte reiche deine Bewerbung ausschließlich über den “Apply now”-Button ein!

Better growth starts here. With you.",,https://de.linkedin.com/company/simon-kucher,,,,,,,,,,,,,1,german,
li-4467712960,linkedin,https://www.linkedin.com/jobs/view/4467712960,,AI Solution Developer (m/w/d),T-Systems Austria,"Vienna, Vienna, Austria",2026-09-15,,,,,,,False,,,,,"Über uns

In Österreich bietet T-Systems, ein Tochterunternehmen der Deutschen Telekom, ihren Kund*innen ein breites Portfolio für die strategische Umsetzung digitaler Transformation. Die Grundlage dafür bilden globale Reichweite für Festnetz- und Mobilfunk, hochsichere Rechenzentren, ein umfassendes Cloud-Ökosystem aus standardisierten Plattformen, weltweiten Partnerschaften sowie höchste Sicherheit. T-Systems Austria beschäftigt an fünf Standorten rund 570 Mitarbeiter*innen. Im T-Center am Rennweg in Wien betreibt das Unternehmen ein TwinCore-Rechenzentrum, das bei größter Energieeffizienz höchstmögliche Sicherheit für Unternehmensdaten bietet.

Wir sind das Data Analytics & AI Team der T-Systems Austria. Es ist unser Ziel und unsere Leidenschaft, unseren Kund*innen zu helfen, aus ihren Daten und Künstlicher Intelligenz einen Mehrwert für ihr Unternehmen zu generieren.

Du teilst diese Leidenschaft mit uns? Du begeisterst Dich so wie wir für Cloud-Technologien? Du willst an spannenden und abwechslungsreichen Herausforderungen wachsen? Dann werde als AI Solution Consultant Teil unseres Teams!

Aufgaben

Als AI Solution Consultant berätst Du unsere Kunden bei der Konzeption und Umsetzung von Agentic-AI-Lösungen und KI-gestützter Prozessautomatisierung. Dabei analysierst und optimierst du Geschäftsprozesse, integrierst AI-Komponenten in bestehende Systemlandschaften und begleitest die Umsetzung von der Use-Case-Identifikation bis zum produktiven Betrieb.

Beratung unserer Kunden bei Use-Case-Entwicklung, Zielarchitektur bis hin zur Umsetzung und Skalierung von Lösungen.
Konzeption agentischer AI-Systeme, die Aufgaben planen, Unternehmenswissen nutzen, Werkzeuge und APIs aufrufen und mehrstufige Prozesse ausführen.
Entwicklung von KI-gestützten Automatisierungslösungen durch die Integration von LLMs, Machine-Learning-Modellen, Geschäftsregeln, Workflows und bestehenden Anwendungen.
Gestaltung von Agenten- und Workflow-Architekturen einschließlich Retrieval-Augmented Generation, Memory, Tool Use, Multi-Agent-Orchestrierung und Human-in-the-Loop-Mechanismen.
Integration von AI- und Automatisierungslösungen in Cloud-, Daten- und Anwendungslandschaften unter Nutzung geeigneter Schnittstellen und Plattformdienste.
Zusammenarbeit in interdisziplinären Teams sowie kontinuierliche Beobachtung und Bewertung relevanter AI-, Agenten- und Automatisierungstechnologien.

Profil

Must-have:

Ausgezeichnete Kommunikationsfähigkeiten in Deutsch und Englisch sowie die Fähigkeit, komplexe technische Zusammenhänge zielgruppengerecht zu vermitteln.
Abgeschlossenes Studium in Informatik, Data Science, Mathematik, Wirtschaftsinformatik oder einem verwandten Bereich beziehungsweise eine vergleichbare Qualifikation.
Mehrjährige Erfahrung in der Entwicklung bzw. Technologieberatung mit direktem Kundenkontakt.
Nachgewiesene Erfahrung in der Analyse und Optimierung von Geschäftsprozessen sowie in der Konzeption und Einführung KI-gestützter Lösungen.
Fähigkeit, fachliche Ziele in Lösungsarchitekturen und umsetzbare Arbeitspakete zu übersetzen.
Fundierte praktische Kenntnisse von Agentic-AI-Systemen
Erfahrung in der Entwicklung von LLM-basierten Anwendungen sowie in der Integration von APIs, Datenquellen und Unternehmenssystemen.
Sicherer Umgang mit Python, Software-Engineering-Praktiken, Git und Containertechnologien wie Docker.
Fundierte Erfahrung mit Cloud-Plattformen und AI-Diensten, vorzugsweise Microsoft Azure.
Ausgeprägte Kundenorientierung, analytisches Denken, Eigenverantwortung und Flexibilität

Nice-to-have:

Erfahrung bei der Durchführung von Kundenworkshops, Anforderungsanalysen, Use-Case-Priorisierungen und Management-Präsentationen.
Erfahrung mit Agenten- und Orchestrierungsframeworks wie Semantic Kernel, LangGraph, AutoGen oder vergleichbaren Technologien.
Kenntnisse von Automatisierungsplattformen wie Microsoft Copilot Studio, Power Automate, Azure Logic Apps oder vergleichbaren Lösungen.
Erfahrung mit Multi-Agent-Systemen, Model Context Protocol, Vektordatenbanken und Evaluationsframeworks.
Erfahrung in Presales, Angebotsentwicklung, Aufwandsschätzung oder Projektleitung.

Für Deinen Einsatz bieten wir neben einem interessanten, sich stets weiterentwickelnden Arbeitsumfeld eine dem Level und der Position entsprechende Entlohnung. Aus gesetzlichen Gründen weisen wir auf das kollektivvertragliche Jahresmindestgehalt von 55.356,00 € für eine Vollzeitbeschäftigung (38,5h) hin. Das finale Gehalt orientiert sich selbstverständlich an Deiner individuellen Erfahrung.

Außerdem bieten wir Dir ein umfangreiches Angebot an diversen Benefits wie zum Beispiel flexible Arbeitszeiten, Essenszuschuss, Sportangebote und diverse Mitarbeiter*innen Events. Du teilst diese Leidenschaft mit uns? Du begeisterst Dich so wie wir für Cloud-Technologien? Du willst an spannenden und abwechslungsreichen Herausforderungen wachsen? Dann werde als AI Solution Developer Teil unseres Teams!

Dein Kontakt: Arijana Sibonjic

E-Mail: fmb_at_recruiting@t-systems.com

https://www.t-systems.com/at/de

https://www.xing.com/companies/t-systemsaustria

https://www.linkedin.com/company/it-branche

None None",,https://at.linkedin.com/company/t-systems-austria,,,,,,,,,,,,,1,german,
li-4465048000,linkedin,https://www.linkedin.com/jobs/view/4465048000,,Praktikant:in (w/m/d) Customer Insights | AI & Trigger LogicI (ab 30h/Woche) | Dauer: bis zu max. 2 Jahren,Magenta Telekom,"Vienna, Vienna, Austria",2026-09-15,,,,,,,False,,,,,"Praktikant:in (w/m/d) Customer Insights | AI & Trigger LogicI (ab 30h/Woche) | Dauer: bis zu max. 2 Jahren

Vienna | ab sofort | Part-time / full-time | befristet 

Übersetze komplexe Business-Anforderungen in präzise, datenbasierte Use Cases und schaffe damit die konzeptionelle Grundlage für zielgerichtete Kampagnen, Datenprojekte und Produktentwicklungen
Entwickle intelligente, eventbasierte Trigger-Logiken entlang der Customer Journey und unterstütze dabei, unsere Kund:innen zum richtigen Zeitpunkt mit relevanten Inhalten anzusprechen
Analysiere Kunden-, Transaktions- und Kampagnendaten, erstelle passende Zielgruppen und Datensamples und leite daraus konkrete Handlungsempfehlungen ab
Entwickle aussagekräftige Reports und Dashboards und bereite komplexe Daten und Analyseergebnisse für unterschiedliche Stakeholder verständlich auf
Arbeite eng mit Marketing, Sales, Product und Data Engineering zusammen und bringe deine Ideen für neue datenbasierte Use Cases, AI-Anwendungen und Prozessverbesserungen ein

Du absolvierst gerade ein Studium mit Schwerpunkt Wirtschaft, Data Science, Statistik, Mathematik, Wirtschaftsinformatik oder einem vergleichbaren Bereich und begeisterst dich für Daten, digitale Customer Journeys und AI?
Du bringst ausgeprägte analytische Fähigkeiten und ein gutes Datenverständnis mit, hast idealerweise erste Erfahrung mit SQL sowie Visualisierungstools wie Tableau oder Power BI und möchtest lernen, daraus intelligente Trigger-Logiken und Customer Use Cases zu entwickeln?
Du denkst lösungs- und kundenorientiert, kannst komplexe Zusammenhänge verständlich erklären und kommunizierst sicher auf Deutsch und Englisch?

 Wir bei Magenta glauben an vielfältige Mitarbeitende und leben Chancengleichheit. Wir begrüßen alle Bewerbungen unabhängig von kultureller als auch sozialer Herkunft, Alter, Geschlecht, Nationalität, Religion, Behinderungen oder sexueller Orientierung. Magenta verbindet alle Menschen. 

 Wir wollen gemeinsam gewinnen. 
 Du kannst dich auf mich verlassen. 
 Wir challengen den Status Quo. 
 Wir blicken optimistisch in eine digitale Zukunft. 
 Kein Bullshit Bingo - wir sind ehrlich, authentisch & humorvoll 
 Wir verbinden uns mehr - miteinander und mit unseren Kund:innen 

 Tickst du auch so?

DANN BIST DU BEI UNS GENAU RICHTIG! 

 Flexible Arbeitszeiten
 Kantine am Standort
 Lernangebote
 Homeoffice
 Beratungsangebote
 Gesundheitsangebote
 Vergünstigungen
 Öffentliche Verkehrsmittel

Darüber sprechen wir noch persönlich, aber vorab sei gesagt: Abhängig von deinen Qualifikationen und Erfahrungen bieten wir für diese Position ein Bruttomonatsgehalt, das bei mindestens € 2.424,78,- (Vollzeitbasis) liegt.

Du willst noch mehr über uns wissen? Dann findest du hier mehr Einblicke in die Welt von Magenta.",,https://at.linkedin.com/company/magenta-telekom,,,,,,,,,,,,,1,german,
li-4467060153,linkedin,https://www.linkedin.com/jobs/view/4467060153,,Machine Learning Software Engineer,Beebop,"Vienna, Austria",2026-09-15,,,,,,,False,,,,,"THE ROLE
You would join our quant team, alongside our data scientists and ML engineers. The team owns several forecasting and optimisation systems that sit in the core of the product: site and portfolio-level forecasts of PV generation and load, calibration of our asset models against how assets actually behave, detection of what equipment sits behind a meter, and the optimisation that turns all of that into dispatch and trading decisions.

This is the engineering half of that work. You would own and improve the production systems those models run in, and the frameworks the team builds them with. The models themselves stay with the data scientists.

For applicants based in Vienna; traveling to Antwerp, Belgium once a month is expected. Applicants in Belgium will also be considered. 

WHAT YOU'D WORK ON
Shared with the other ML engineers, and priorities move around, so read this as
examples rather than a fixed list.
> A backtesting framework. Judging a candidate forecaster today means shadow- running it in production for weeks. Proper data and model versioning, historical replay, and evaluation in euros rather than error metrics alone would let us settle those questions in an afternoon.

> Engineering practices inside a data science team: testing, structure, code review, reproducibility, and whatever keeps research code alive once it reaches production.

> The MLOps lifecycle. Data and model versioning, retraining, backfills, and the Airflow jobs that carry them.

> Operational stability. A good share of the team's time currently goes into fixing what broke. Instrumentation, alerting and sane failure behaviour give that time back.

> Meteo data ingestion, storage layout and query performance.

> Scalability. Assets under management should grow sharply and the pipelines need to hold up without a rewrite each time.

> Research quality of life, including squeezing more out of our backtests and Ray.

WHAT WE'RE LOOKING FOR

> 2–5 years building and running production systems. Data engineering, backend or ML platform work all count. What matters is that you have operated something real, not only built it.
> Strong Python.
> Orchestration and cloud infrastructure. We run Airflow on GCP.
> Sound instincts on data modelling and storage, and a working understanding of database schemas and data structures.
> Enough ML familiarity to reason about training pipelines, feature computation
and evaluation. You do not need to have trained models professionally. Initiative on engineering quality. Nobody here will hand you a specification for it.
> Energy domain knowledge is a plus, not a requirement.

A PhD is not required and we would rather see production engineering mileage.
Applied research backgrounds are welcome, but this is an engineering role and will
be interviewed as one.

WORKS CLOSELY WITH
Data scientists and ML engineers on the quant team

STACK
Python, Airflow, GCP, Ray

WHY THIS IS WORTH DOING
The bottleneck on the team is not ideas.
Time goes into fixing what broke and into proving that a change actually
helped, and both of those are engineering problems. Solve them properly and the whole team gets its time back. You would also be shaping this function rather than inheriting someone else's version of it.

HOW HIRING WORKS
Send us your CV
Quick intro call
Coding interview
Technical interview
Culture check with the founders
Offer

Interested?
Send a CV and a short note on
something you built and then had to
keep running.
nikolaus@beebop.ai",,https://be.linkedin.com/company/beebop-ai,,,,,,,,,,,,,,,82
li-4458204994,linkedin,https://www.linkedin.com/jobs/view/4458204994,,Aktuar:in (m/w/d) Krankenversicherung (Karenzvertretung),UNIQA Insurance Group,"Vienna, Vienna, Austria",2026-09-15,,,,,,,False,,,,,"Competencies: Handlungsorientiert; Arbeitet mit anderen zusammen; Effektive Lösungen finden; Mut; Vertrauen schaffen

Als eine der führenden Versicherungen wissen wir, dass wir gemeinsam mehr bewegen können. Bei UNIQA sind wir deshalb die Gemeinschaft für ein besseres Leben. Wir nutzen unsere individuellen Fähigkeiten, um zusammen eine bessere Zukunft zu gestalten. Erzähle uns von deinen Stärken und bewirb dich als Aktuar:in (m/w/d) Krankenversicherung (Karenzvertretung) 

Bei uns kannst du Pricing-Strategien, Produktentwicklung und Profitabilitätsanalysen aktiv mitgestalten – und deine Karriere im Bereich Versicherungsmathematik auf das nächste Level heben.

Deine Benefits & Aufgaben

Hohe Gestaltungsmöglichkeiten: Entwicklung und Weiterentwicklung aktuarieller Modelle
Datengetriebene Analysen: Datenbasierte Analyse der Geschäftsentwicklung und Überführung von Erkenntnissen in die Praxis
Bilanzierung & Planung (UGB): Mitarbeit an Bilanzierungs-, Forecast- und Planungsthemen
Modernes Arbeitsumfeld: Kompetentes, hilfsbereites Team mit kurzen Entscheidungswegen
Perspektiven: Vielfältige Entwicklungs- und Weiterbildungsmöglichkeiten
Teamübergreifende Zusammenarbeit: Enge Kooperation mit dem Tarifmanagement und weiteren Fachbereichen

Dein Profil

Teamplayer:in mit analytischem Denken, Engagement und Eigeninitiative
Abgeschlossenes Studium der Mathematik, vorzugsweise Finanz- und Versicherungsmathematik, oder eine vergleichbare Qualifikation
Sehr gute Programmierkenntnisse in R und R-Studio
Weitere Programmierkenntnisse (z.B. Python, Prophet) sind ein Plus
Kenntnisse der privaten Krankenversicherung in Deutschland oder Österreich von Vorteil
Strukturierte, analytische und genaue Arbeitsweise
Sehr gute Deutsch- und Englischkenntnisse
Offenheit für innovative Technologien sowie die Bereitschaft, Künstliche Intelligenz verantwortungsvoll in der täglichen Arbeit einzusetzen und die eigenen Fähigkeiten kontinuierlich weiterzuentwickeln

Wir bei UNIQA leben Vielfalt und setzen bewusst auf unterschiedliche Perspektiven in unseren Teams und Führungspositionen. Daher sind Bewerbungen, die unsere Vielfalt bereichern, ausdrücklich willkommen. Bei Fragen zur Barrierefreiheit wende dich bitte an die im Inserat genannte Ansprechperson auf der rechten Seite.

Du bist dir nicht sicher, ob dein Profil unseren Anforderungen entspricht? Bewirb dich trotzdem! UNIQA sucht nach Kandidat:innen mit Ambition, Mut zur Veränderung und Begeisterungsfähigkeit!

Benefits: Flexible Arbeitszeiten und kurze Kernzeiten ermöglichen dir einen flexiblen Arbeitstag; Individuelles Onboarding & persönliche Begleitung für deinen erfolgreichen Start im Team; Stressfrei zur Arbeit: Optimale Erreichbarkeit mit öffentlichen Verkehrsmitteln; Wir bieten dir verschiedene Weiterbildungsmöglichkeiten, um beruflich und persönlich zu wachsen; Wir übernehmen 50% deines Öffi-Jahrestickets",,https://at.linkedin.com/company/uniqa-insurance-group-ag,,,,,,,,,,,,,1,german,
li-4352310613,linkedin,https://www.linkedin.com/jobs/view/4352310613,,AI Engineer (f/m/x),Netconomy,"Vienna, Vienna, Austria",2026-09-15,,,,,,,False,,,,,"Over the past 25 years, NETCONOMY has grown from a startup into a team of 450+ experts across ten European locations. We believe in the power of agile and cross-functional collaboration, bringing together people from diverse backgrounds to build outstanding digital solutions.

YOUR JOB

As an AI Engineer, you will play a crucial role in driving innovation and implementing cutting-edge Generative AI solutions and intelligent agentic systems. Join our dynamic team and contribute to the development of intelligent systems that solve complex problems and enhance our business capabilities.

Your Job’s Key Responsibilities Are

Designing and implementing end-to-end Generative AI solutions, AI agents, and RAG (Retrieval-Augmented Generation) pipelines to address business challenges and opportunities 
Collaborating with cross-functional teams to understand requirements, providing technical expertise, and delivering scalable and robust AI solutions 
Conducting research and evaluation of emerging AI models, agentic frameworks, and development kits 
Working independently on Proof of Concepts (PoC) to validate and showcase the feasibility of proposed solutions 
Conducting direct client communication to understand their needs and tailor AI-driven solutions accordingly 

Your Skills

Essential Skills:

3+ years of experience in Applied AI or Machine Learning in the industry 
Proficiency in building Generative AI and Agentic applications at scale, with expertise in using agentic frameworks, vector databases, grounding, and other relevant concepts 
Direct experience or strong familiarity with agent development (e.g. LangGraph, Google Agent Development Kit (ADK), Agno) 
Proven experience in research and evaluation of emerging AI technologies, models, and frameworks 
Extensive knowledge of Cloud AI offerings on one of the Hyperscalers (GCP, AWS or Azure), including ready-to-use AI services, AutoML approaches, and custom model development 
Strong and assertive communication skills 
Passion for keeping up with industry trends and advancements in Generative AI and agentic systems 

Beneficial Skills

Hands-on experience with the Google Cloud AI/ML stack (e.g., Vertex AI, Gemini Models, Vector Search) 
Experience with AI evaluation frameworks (e.g., RAGAs, LangSmith), writing integration tests, and establishing robust validation strategies for Generative AI and agentic applications 
Knowledge of Docker and Kubernetes 
Familiarity with CI/CD processes for MLOps/AIOps 
A/B testing expertise for AI models and applications 

OUR OFFER

While we’re one company, each location has unique aspects and benefits. Here’s a glimpse of what to expect:

Flexible Working Models: Early bird or night owl? Thanks to our flexible working models, you start your workday when and where it fits you best. Plus, our hybrid work option lets you choose whether you prefer working more from the office or from home. 
Career Development and Onboarding: Start your journey at NETCONOMY with a structured onboarding and mentoring phase and continue with individual training opportunities. Our People Enablement team will support you in finding the best solution for you! Find out more here! 
Company Summit: Exchange professional and personal experiences at our annual in-house conference! One of the highlights of our company Summit is the vibrant networking environment it cultivates. 
Social Events: Join our colleagues and build new connections at our social events such as pizza evenings, sports activities, Christmas parties, or milestone celebrations. 
Snacks and Wellbeing: Fuel your productivity and taste buds with our monthly meal allowance and discounts at partner restaurants. 
Mobility Support: Choose eco-friendly transportation! As we take our responsibility for the environment seriously, we support your climate-friendly transportation costs. 

The actual salary depends on your qualifications and experience. What is also important to us is to pay our employees an internally comparable salary. For legal reasons, we need to disclose the minimum annual salary for full time employment as stated in the current collective IT agreement, which is € 55,356 gross / year for this position.",,https://at.linkedin.com/company/netconomy-gmbh,,,,,,,,,,,,,,,20
li-4465930389,linkedin,https://www.linkedin.com/jobs/view/4465930389,,Universitätsassistent*in Praedoc,University of Vienna,"Vienna, Vienna, Austria",2026-09-15,,,,,,,False,,,,,"An der Universität Wien arbeiten rund 11.000 Menschen gemeinsam an den großen Fragen der Zukunft. Davon sind ca. 7.700 wissenschaftliche Mitarbeiter*innen. Persönlichkeiten, die mit ihrer Neugier und ihrem kontinuierlichen Anspruch auf Exzellenz internationale Spitzenforschung und Lehre betreiben.

Die Arbeitsgruppe Statistical Analysis and Inference (STAIN) am Institut für Statistik und Operations Research der Universität Wien sucht ab 01.03.2027 eine*n Universitätsassistent*in Praedoc (Stundenausmaß: 30, Einstufung KV:

48 VwGr. B1 Grundstufe (praedoc)) mit dem Ziel einer Promotion im Bereich Mathematische Statistik und Machine Learning.

Die Forschung Der Arbeitsgruppe Konzentriert Sich Auf Aktuelle Fragestellungen An Der Forschungsfront Der Statistischen Analyse Und Inferenz. Zu Den Derzeitigen Interessengebieten Zählen

Inferenzmethoden nach der Modellauswahl (Post-Model-Selection Inference)
Verfahren für Situationen mit hoher Dimensionalität und kleinen Stichproben
die Analyse großer Zufallsmatrizen
Dimensionsreduktion
Bootstrap-Methoden

Aufgabenbereiche

Entwicklung und Realisierung eines eigenen Dissertationsprojekts im Bereich der Mathematischen Statistik bzw. der Theorie des Maschinellen Lernens in Zusammenarbeit mit dem Betreuer
Abschluss der Dissertationsvereinbarung (= Projektskizze) binnen 12–18 Monaten
Regelmäßige Teilnahme am Dissertand*innenseminar
Einarbeitung in einen aktuellen Forschungsbereich, Formulierung und selbstständige Lösung neuer mathematischer Probleme unter Beratung des Dissertationsbetreuers
Selbstständiges Halten von Lehrveranstaltungen im Ausmaß der kollektivvertraglichen Bestimmungen
Übernahme administrativer Tätigkeiten in Forschung und Lehre
Verfassen eigener Publikationen und akademischer Artikel sowie Präsentation der Arbeit in Fachvorträgen

Qualifikationen

Abgeschlossenes Master-/Diplom-Studium der Fachrichtung Statistik oder Mathematik (abgeschlossen oder kurz vor Abschluss)
Fundierte Kenntnisse in mathematischer Statistik und Wahrscheinlichkeitstheorie
Begeisterung für abstrakte, mathematische Probleme sowie Hartnäckigkeit und Geduld bei deren Lösung
Freude am fachlichen Austausch mit Kolleg*innen am Institut und in der Arbeitsgruppe
Didaktische Kompetenzen / Erfahrung im E-Learning
Ausgezeichnete Englischkenntnisse (C1)

Angebote

Vertragsdauer: 3 Jahre (zunächst befristet auf 1,5 Jahre, automatische Verlängerung auf 3 Jahre, sofern der Arbeitgeber nicht innerhalb der ersten 12 Monate eine Nichtverlängerungserklärung abgibt; bei entsprechendem Arbeitsfortschritt Verlängerung auf maximal 4 Jahre möglich)
Flexible Arbeitszeiten und teilweise Remote-Arbeit
Inspirierendes Arbeitsklima in einem internationalen Team mit hervorragender Forschungsinfrastruktur
Gute öffentliche Anbindung des Arbeitsplatzes
Interne Weiterbildung und Coaching
Faires Gehalt (Grundgehalt von EUR 3.776,10 auf Basis Vollzeit, Erhöhung bei Anrechnung von Berufserfahrung)

Die Universität Wien betreibt eine antidiskriminatorische Anstellungspolitik und legt Wert auf Chancengleichheit, Frauenförderung und Diversität. Sie strebt eine Erhöhung des Frauenanteils beim wissenschaftlichen und allgemeinen Universitätspersonal insbesondere in Leitungsfunktionen an und fordert daher qualifizierte Frauen ausdrücklich zur Bewerbung auf. Bei gleicher Qualifikation werden Frauen vorrangig aufgenommen.

Stellenanzeige automatisch mit KI zusammengefasst",,https://at.linkedin.com/school/univienna/,,,,,,,,,,,,,1,german,
li-4417186950,linkedin,https://www.linkedin.com/jobs/view/4417186950,,AI & Data Science Consultant (all genders),Accenture DACH,"Vienna, Vienna, Austria",2026-09-14,,,,,,,False,,,,,"Im AI & Data Team bei Accenture vereinen wir einzigartige Persönlichkeiten und zukunftsgerichtetes Know-How, um gemeinsam mit unseren Kunden datengetriebene Transformation voranzutreiben und die Zukunft durch KI (Künstliche Intelligenz) zu gestalten.

Wir begleiten unsere Kunden Ende-zu-Ende – von der strategischen, KI-nativen Neuausrichtung & Zieldefinition der Organisation über die Konzeption & Entwicklung von cutting-edge KI-Lösungen bis hin zum technischen Design & der Implementierung von KI- & Daten-Plattformen. Dabei verbinden wir fachliche Expertise, moderne KI-Technologien (insb. generative und agentische KI) und tiefes Technologieverständnis, um messbaren, transformativen Geschäftswert zu schaffen.

Deine Mission

Du möchtest durch deine datengetriebene & analytische Denkweise, Problemlösungskompetenz und Affinität für moderne KI-Lösungen die spannendsten Herausforderungen verschiedener Industrien bewältigen? Dann bist du in der Data Science Practice genau richtig: Angesiedelt zwischen Strategy und Technology kombinieren wir Branchenerfahrung mit technischem Know-How, entwickeln innovative KI- und Data-Science-Lösungen und treiben die KI-Transformation unserer Kunden messbar voran. Dabei identifizierst du relevante Use Cases, setzt Lösungen vom Prototyp bis zur produktiven Anwendung um und siehst, wie deine Arbeit Unternehmen, Industrien und Menschenleben transformiert.

Das erwartet dich

Innovative, zukunftsgerichtete KI-Lösungen Setze deinen analytischen Verstand und dein kreatives Denken gezielt ein, um die nächste Generation von Data Science Lösungen für unsere Kunden zu entwickeln und den Einsatz generativer und agentischer KI voranzutreiben. 

Wertschöpfung aus Daten Als Teil eines interdisziplinären Teams fokussierst du dich als Data Science Consultant darauf, Verbesserungs- und Wertsteigerungspotenziale zu identifizieren sowie zielgerichtete Analysen zu entwickeln und trägst direkt dazu bei, dass Daten wertschöpfend eingesetzt werden.

Realer Impact für Industrien und Gesellschaft Bei Accenture arbeitest du mit weltweit führenden Unternehmen und Institutionen an wegweisenden Lösungen. Das Ziel: datengetriebene Anwendungsfälle identifizieren, gestalten, testen und erfolgreich in die Praxis bringen – von der ersten Idee bis zur Skalierung. So schaffst du echten Mehrwert und treibst Innovation voran.

Implementierung kundenorientierter Lösungen In deiner Arbeit als Data Science Consultant stehst du mit den Entscheidungsträger:innen auf Kundenseite im engen Kontakt und sorgst dafür, dass die erarbeiteten KI-Lösungen in realen Umgebungen erfolgreich implementiert und skaliert werden.

Darauf freuen wir uns

Erfolgreicher Abschluss eines relevanten Studiums auf Master- oder PhD-Niveau in Fachrichtungen wie Mathematik, Informatik, Physik, Ingenieur- oder Wirtschaftswissenschaften

Mindestens 2-3 Jahre Erfahrung im Bereich Data Science und Kenntnisse in den Bereichen Machine Learning, Deep Learning oder Reinforcement Learning

Fundiertes Verständnis im Bereich Generative KI (z.B. Retrieval-Augmented Generation/RAG) und erste Erfahrungen mit agentischer KI und gängigen Frameworks wie LangChain oder LangGraph

Fundierte Programmierkenntnisse in Python oder R, sowie Erfahrung mit gängigen Frameworks (z.B. Pandas, Scikit-learn, TensorFlow, PyTorch) und im Bereich Datenaggregationen (z.B. SQL, Spark)

Von Vorteil sind Kenntnisse im Bereich Datenbanken (SQL-, NoSQL-, Vektor- oder Graphdatenbanken), BI und Visualization Tools (z.B. Tableau, Power BI oder Qlik), sowie Erfahrung mit Cloud Lösungen (z.B. Azure, AWS, Google Cloud Platform)

Das Talent, Probleme mit messerscharfem Verstand zu analysieren, um sie anschließend in engem Austausch mit unseren Kunden kreativ als auch effektiv zu lösen. Projektbezogene Mobilität, eigenverantwortliches Arbeiten, Kommunikationsstärke auf Deutsch und Englisch sowie eine hohe Kundenorientierung 

Deine Vorteile bei Accenture

Du als Mensch bist uns wichtig. Das wirst du täglich spüren und erleben, denn unsere Arbeitswelt ist auf dich ausgerichtet. Freu dich auf:

Die attraktiven Mitarbeitervorteile eines großen, verantwortungsvollen Arbeitgebers 

Den Zugriff auf den Wissens- und Erfahrungsschatz im globalen Accenture-Netzwerk 

Flexible Arbeitszeitmodelle und die Möglichkeit auf Arbeit im Homeoffice 

Eine steile Lernkurve durch die Zusammenarbeit mit den jeweils besten Fachexpertinnen und -experten

Die Challenge, deine Komfortzone täglich zu verlassen, um weiter zu wachsen

Die Accenture-Kultur: Hier machst DU den Unterschied

Deine Fähigkeiten, dein Naturell und deine Ambitionen machen dich einzigartig. Und wenn die unterschiedlichsten Talente, Stärken und Sichtweisen aufeinandertreffen, entsteht etwas Großartiges: Ideen, die in der Welt etwas bewegen. Deshalb setzen wir bei Accenture auf Diversität und freie Entfaltung. Schaffe dir ein Arbeitsumfeld, in dem du aufgehst. Mit Aufgaben, die dir am Herzen liegen. Mit einem Workload, der zu dir passt. Und mit einer Arbeitsweise, die sich an deinen Zielen orientiert. Wie du dich vernetzen, weiterbilden und persönlich wachsen willst, liegt bei dir. Es ist deine Karriere. Wir helfen dir, sie so zu gestalten, wie du es dir vorstellst.

Dein Kontakt

Du hast Fragen? Dann wende dich gerne an unser Recruiting Team per E-Mail an recruiting_austria@accenture.com. Wir freuen uns auf dich!

Neben spannenden Projekten bieten wir dir ein sehr attraktives Vergütungspaket, flexible Arbeitszeiten, ein modernes Umfeld und viele weitere zusätzliche Benefits. Du hast bei uns die Möglichkeit, basierend auf deiner individuellen Leistung aktiv dein Jahreseinkommen positiv zu beeinflussen.

Das Jahresbruttogehalt für diese Position startet, je nach Qualifikation und Erfahrung, bei 61.000 €.

Wir freuen uns auf deine Bewerbung!",,https://de.linkedin.com/company/accenture-dach,,,,,,,,,,,,,1,german,
li-4467053512,linkedin,https://www.linkedin.com/jobs/view/4467053512,,AI Consultant (m/w/d),Capgemini,"Vienna, Austria",2026-09-14,,,,,,,False,,,,,"Mit Capgemini entscheidest du dich für ein Unternehmen, in dem du die Möglichkeit hast, deine Karriere so zu gestalten, wie du es dir wünscht. Indem du von einer kollaborativen Gemeinschaft von Kolleg/innen auf der ganzen Welt unterstützt und inspiriert wirst und die Chance hast, dir neue Möglichkeiten vorzustellen. Komm zu uns und hilf uns den weltweit führenden Organisationen, den Wert von Technologien zu zeigen und eine nachhaltigere, inklusivere Welt zu schaffen.

DEINE ROLLE
Als AI Consultant arbeitest du an modernen KI‑ und Datenlösungen, die unsere Kunden bei ihrer Transformation unterstützen. Je nach persönlichem Schwerpunkt gestaltest du End‑to‑End AI Use Cases – von der Datenbasis über Modellierung und Engineering bis hin zu skalierbaren Cloud‑Plattformen.

Du kannst deinen fachlichen Schwerpunkt bei uns selbst wählen – je nachdem, wo deine Stärken und Interessen liegen:

Schwerpunkt AI/ML Engineering
Entwicklung von Copilots, Agenten und produktionsreifen AI‑Services
Arbeit mit modernen Cloud‑Ökosystemen (Azure, AWS oder GCP)
Automatisierung von Training, Deployment, Monitoring und Skalierung
Aufbau von Guardrails, Observability‑Konzepten und Evaluationspipelines
Schwerpunkt Data Analytics & BI
Entwicklung moderner Analytics‑ und Dashboard‑Lösungen (z. B. Power BI, Tableau)
Datenmodellierung, KPI‑Definition und Ableitung von Business Insights
Beratung der Fachbereiche bei datengetriebenen Entscheidungsprozessen und Weiterentwicklung bestehender Datenprodukte hin zu zukünftigen ML‑ und GenAI‑Use Cases
Schwerpunkt Cloud Platform Engineering
Aufbau und Betrieb cloudbasierter Daten‑ und AI‑Plattformen (z. B. Databricks, Snowflake)
Automatisierung und Skalierung von Data Engineering, Analytics und AI Workflows
Integration moderner Plattform‑Patterns wie Feature Stores, Data Lakehouses oder Vector Stores

DEIN PROFIL
Du brennst für KI, Daten und moderne Cloud‑Technologien und möchtest komplexe Herausforderungen in skalierbare Lösungen übersetzen. Außerdem bringst du folgendes mit:
Abgeschlossenes Studium in Informatik, Data Science, Ingenieurwissenschaften oder vergleichbar
2-4 Jahre relevante Erfahrung in einem der Bereiche: Data Science, AI Engineering, oder Cloud Plattformen
Erfahrung in der Übernahme und Verantwortung einzelner Projektbereiche / Work Streams
Erfahrung in der Führung von Projektteams
Kenntnisse in gängigen Tools & Technologien je nach Schwerpunkt, z. B.

Schwerpunkt AI/ML Engineering:
Python, PyTorch/TensorFlow, HuggingFace
RAG‑Pipelines & Agenten-Frameworks (z. B. LangChain, LlamaIndex)
Vektordatenbanken (z. B. Pinecone, FAISS)
MLOps & Automatisierung (MLflow, CI/CD, Monitoring, Evaluationspipelines)

Schwerpunkt Data Analytics & BI:
Power BI, Tableau, moderne Dashboard‑ & Reporting‑Tools
SQL, Datenmodellierung, Semantic Layer & KPI‑Definition
ETL/ELT-Tools, Data Profiling & Data Governance

Schwerpunkt Cloud Platform Engineering:
Cloud Services auf Azure, AWS oder GCP
Databricks, Snowflake, Spark & Lakehouse-Architekturen
Moderne Plattform-Patterns (Feature Stores, Vector Stores, Data Lakehouses)
Analytisches Denken, strukturierte Arbeitsweise und hohe Problemlösungskompetenz
Teamplayer‑Mentalität, souveränes Auftreten und Hands‑on‑Mentalität
Sehr gute Deutsch‑ und Englischkenntnisse in Wort und Schrift

WAS DIR BEI UNS BESONDERS GEFALLEN WIRD
Wir verstehen die Bedeutung flexibler Arbeitsregelungen, daher bieten wir HomeOffice und flexible Arbeitszeiten oder in ausgewählten EU-Staaten arbeiten mit unserem FlexAbroad Programm. Du erhältst ein Umfeld, in dem du eine gesunde Work-Life-Balance aufrechterhalten kannst.
Das Herzstück unserer Mission ist deine berufliche Entwicklung. Unser Angebot an Programmen für die berufliche Weiterbildung und verschiedenen Positionen ist darauf ausgerichtet, dich bei der Erkundung einer Welt voller Möglichkeiten zu unterstützen.
Rüste dich mit wertvollen Zertifizierungen in Schlüsselbereichen und neuesten Technologien aus.
Wir bieten Zusatzleistungen wie regelmäßige Team- und Firmenveranstaltungen, monatliche Essensgutscheine, die Jahreskarte der Wiener Linien, Massagen im Büro und vieles mehr.

Kollektivvertrag für Angestellte in Information und Consulting. Das Gehalt für diese Position liegt bei € 51.000.– brutto jährlich, marktkonforme Überzahlung abhängig von Qualifikation und Erfahrung.
Wir freuen uns über Deine Bewerbung auf Englisch, ausschließlich über unser Bewerbungsportal und unter Angabe von Gehaltsvorstellung und frühestmöglichem Eintrittszeitpunkt.
Capgemini legt großen Wert auf Diversität und Chancengleichheit und begrüßt ausdrücklich Bewerbungen von Frauen für unsere Stellen.

Über Capgemini
Capgemini ist ein globaler Partner für die KI-gestützte Geschäfts- sowie Technologietransformation. Das Unternehmen schafft messbaren Mehrwert für seine Kunden, indem es die Zukunft von Organisationen gestaltet und im Zusammenspiel von KI, Technologie sowie dem Mensch Realität werden lässt. Seit fast 60 Jahren steht Capgemini für Verantwortung wie auch Vielfalt und beschäftigt über 420.000 Mitarbeitende in mehr als 50 Ländern. Das End-to-End-Leistungsspektrum gründet auf einer umfangreichen Branchenexpertise, einem starken Partner-Ökosystem sowie Kompetenzen in den Bereichen Strategie, Technologie, Design, Engineering und Operations. Die Gruppe erzielte 2025 einen weltweiten Umsatz von 22,5 Milliarden Euro.

Make it real | www.capgemini.com/at-de",,https://fr.linkedin.com/company/capgemini,,,,,,,,,,,,,1,german,
li-4430375063,linkedin,https://www.linkedin.com/jobs/view/4430375063,,Senior Expert* Market Risk Modelling,BAWAG Group,"Vienna, Vienna, Austria",2026-09-14,,,,,,,False,,,,,"BAWAG Group is the publicly listed holding company of BAWAG, which, with more than 4 million customers, is one of the largest banks in Austria. As a dynamic employer, we promote talent and drive technological innovation forward at a rapid pace. Flat hierarchies, a flexible working environment, and equal opportunities for our employees are particularly important to us.

Role Purpose

The Senior Expert serves as technical lead and model owner for behavioural, ALM, and stress testing models, ensuring methodological robustness, stability under stress, and regulatory defensibility across their full lifecycle.

Your Responsibilities

Development, calibration, and maintenance of:
Prepayment models for loan portfolios
Replication and behavioural maturity models for NMD
Customer behaviour models for liquidity risk and stress testing
IRRBB and VaR‑based interest rate and credit spread risk models
Design and implementation of stress testing methodologies, including:
Translation of macroeconomic and rate shock scenarios into model inputs
Development of stress‑specific overlays and expert judgements
Analysis of non‑linearities and behavioural shifts under stress
Execution of:
Backtesting, sensitivity analyses, and stability testing (baseline vs stressed)
Periodic recalibration triggered by stress test findings or model performance
Preparation of comprehensive model documentation, including stress test usage, limitations, and assumptions
Primary technical interface to:
Internal model validation
Stress testing reviews and remediation processes
Support supervisory examinations, ICAAP/ILAAP submissions, and ad‑hoc stress analyses

Your Profile

Master’s or PhD degree in a quantitative field
Several years of hands‑on experience in quantitative modelling within a banking context
Strong expertise in:
Statistical and behavioural modelling
ALM, IRRBB, liquidity risk, and stress testing frameworks
Advanced programming skills (e.g. Python, R, SQL)
Solid understanding of regulatory expectations
Excellent English skills

Key Competencies

Strong sense of model ownership across baseline and stress usage
High analytical rigour and attention to methodological consistency
Ability to clearly explain base and stress test model impacts

Our Offer

You will spend 50% of your working time in our modern and easily accessible office at Vienna Central Station
We support your personal development and career planning with an individual and attractive training program. Visit our BAWAG Academy and use our GoodHabitz elearning platform for both your professional and personal growth
In addition, we offer a range of interesting and valuable additional benefits

For this position, the collective agreement stipulates a minimum monthly gross salary of € 3.375,40 on a full-time basis. Depending on your experience and qualifications, we are willing to offer a higher salary.

Your contact person: Jutta Durstberger (+43 66480998 22099)

 We value people.

Would you like to work in a team where good cooperation and diversity are actively practiced? Then you've come to the right place. Equal opportunity is important to us - regardless of age, gender, sexual orientation, physical impairment, religion or origin.

Your career with us | BAWAG| Xing | LinkedIn | Facebook | whatchado | Instagram",,https://at.linkedin.com/company/bawag-group,,,,,,,,,,,,,1,0%,0
li-4458630186,linkedin,https://www.linkedin.com/jobs/view/4458630186,,Consultant Data & Insights (m/w/x),Reppublika Research & Analytics,"Vienna, Austria",2026-09-14,,,,,,,False,,,,,"Über die Stelle und unser Unternehmen
Du zerlegst komplexe Fragestellungen – und führst Umfrage-, Verhaltens- und Geodaten zu einer Antwort zusammen.

Wien (Home-Office möglich) · ab sofort · unbefristet · Vollzeit 38,5 h/Woche

Reppublika Research & Analytics ist ein Full-Service-Institut mit Standorten in Wien und München. Wir verbinden Umfragen mit Verhaltens-, Clickstream- und Geodaten und entwickeln daraus Studien, die über klassische Marktforschung hinausgehen. Für unser Team suchen wir eine erfahrene Persönlichkeit, die komplexe Kund:innenenfragen strukturiert, passende Datenquellen zusammenführt und interdisziplinäre Projekte sicher steuert. Du musst noch nicht alles können: Was fehlt, bringen wir dir gerne bei.

 
Hier kannst du etwas bewegen 
Du machst aus komplexen Kund:innenfragen klare, umsetzbare Forschungs- und Datenprojekte.
Du kannst klassische Marktforschung mit Verhaltens-, Clickstream- oder Geodaten verbinden – und möchtest dabei immer weiter dazulernen.
Du bringst unterschiedliche Perspektiven zusammen und arbeitest eng mit Data Science, Entwicklung, Panel, Feld und externen Partnern.
Du behältst Ziele, Timing und Budget im Blick und findest pragmatische Lösungen, wenn sich Anforderungen verändern.
Du entwickelst aus Ergebnissen eine überzeugende Story und präsentierst konkrete Empfehlungen bei unseren Kund:innen.
Du hast Lust, neue Methoden, Datenverknüpfungen und Produktideen auszuprobieren und gemeinsam mit uns weiterzuentwickeln.

Das bringst du mit 
Mindestens 2-3 Jahre Erfahrung in Marktforschung, Analytics oder Data Consulting, idealerweise mit eigener Projektverantwortung, wobei wir
Fundierte Kenntnisse quantitativer Forschungsmethoden und ein gutes Verständnis für Datenqualität und Aussagegrenzen
Erfahrung oder großes Interesse an Verhaltens-, Metering-, Clickstream-, Geo- oder vergleichbaren Daten
Technisches Grundverständnis, etwa für Datenmodelle, SQL, Python, APIs oder Datenpipelines – du musst nicht selbst entwickeln
Freude an der Zusammenarbeit mit Kund sowie technischen und analytischen Teams
Eine strukturierte, neugierige und lösungsorientierte Arbeitsweise
Sicheres Deutsch und Englisch sowie ein relevantes Studium oder eine vergleichbare praktische Qualifikation

Das bieten wir
Zugang zu eigenen Panels sowie passiven Verhaltens- und Geodaten in Österreich und Deutschland
Eine strukturierte Einarbeitung – wir bringen dir bei, was du für die Rolle noch brauchst, fachlich wie methodisch
Viel Gestaltungsspielraum und echte Verantwortung für Inhalt, Design und Umsetzung
Direkte Zusammenarbeit mit Data Science und Entwicklung
Flache Hierarchien, kurze Entscheidungswege und Entwicklungsmöglichkeiten in Richtung fachlicher Führung
Großzügige Home-Office- und Workation-Regelungen
Ein modernes, hundefreundliches Büro im Zentrum Wiens
Ein Bruttojahresgehalt in der Gehaltsspanne von € 45.000 bis € 52.000 je nach Erfahrung und Profil (innerhalb des Kollektivvertrags für Werbung & Marktkommunikation, Wien)

Bewerbung
Wir freuen uns auf deine Bewerbung über unser Online-Formular mit deinem CV auf Deutsch oder Englisch. 
Erzähle uns darüber hinaus gern in wenigen Sätzen von einem Projekt, bei dem du unterschiedliche Datenquellen oder Fachdisziplinen zusammengebracht hast. Ein perfektes Anschreiben ist uns weniger wichtig als ein konkreter Einblick in deine Arbeitsweise.",,https://at.linkedin.com/company/reppublika-research-at,,,,,,,,,,,,,1,german,
li-4467047783,linkedin,https://www.linkedin.com/jobs/view/4467047783,,Internship Data Management and Monitoring (all genders),Erste Group,"Vienna, Austria",2026-09-14,,,,,,,False,,,,,"Erste Group was founded in 1819 as the first Austrian savings bank and is today one of the largest stock-listed banking groups in Central Europe. As an attractive employer, Erste Group offers interesting career opportunities in an international environment.

Data Management and Monitoring is part of Group Credit Risk Methods (CRM) / Model Data & Governance. Our team combines two key areas: managing high-quality data for credit risk models and monitoring model performance throughout the model lifecycle.By bringing together model monitoring, data management, and RWA simulation, we provide key insights and a reliable data foundation for the development and ongoing assessment of credit risk models.

Your Tasks
Support the migration of existing credit risk model monitoring codes from SAS and Python to Databricks
Perform regression testing to ensure that migrated monitoring codes produce consistent and accurate results compared to existing solutions
Support the migration and development of dashboards for model monitoring and data quality monitoring
Document migrated solutions, testing results, and monitoring processes
Collaborate with colleagues across Credit Risk, CEE subsidiaries, and data and IT teams to support the transition to our new analytics environment

Your Background
You’re currently studying at a university or university of applied sciences, ideally in Data Science, Computer Science, Statistics, Mathematics, Econometrics, Business Informatics, Finance, or another quantitative or technical field
You enjoy working with data and have an interest in statistical modelling, model monitoring, data analytics, or data engineering
You’ve worked with Python and/or SQL—or you’re eager to strengthen your skills through hands-on experience
Experience with Databricks, PySpark, SAS, Git, Tableau, Power BI, or similar tools is an advantage, but not a prerequisite
You have an analytical mindset, pay attention to detail, and enjoy investigating differences in data and statistical results
You’re comfortable communicating in English and working with colleagues across different teams and countries

Our Offer
Exciting and challenging internship for 12 months part-time (19.25h/week) starting in January 2027
Support of your professional and personal development in a dynamic, comprehensive and interes
Discover and enjoy the benefits of Erste Group 
Internship salary: starting from EUR 2,745.32 gross per month (full-time equivalent; excluding mandatory internships as part of a university of applied sciences curriculum)
We offer our employees the opportunity to divide their hours between working from home and at the office
We consider the diversity of our employees as key to innovation and success. As employer we are proud to offer everyone equal chances, irrespective of age, skin colour, religious belief, gender, sexual orientation or origin

Contact
Naemi Moritz",,https://at.linkedin.com/company/erste-group-bank-ag,,,,,,,,,,,,,1,0%,0
li-4465233192,linkedin,https://www.linkedin.com/jobs/view/4465233192,,Senior Data Analyst*,b.telligent Romania,"Vienna, Vienna, Austria",2026-09-14,,,,,,,False,,,,,"Wien

・

Österreich

Voll- oder Teilzeit

Bewirb Dich jetztApply now

Bei uns dreht sich alles um Daten, digitale Geschäftsprozesse und Cloud Technologien - mach mit in unserem Team, um den österreichischen Markt zu stärken!

b.telligent - smart data. smart decisions. smart people.

b.telligent ist ein auf Analytics und Data Management spezialisiertes technologieunabhängiges Beratungs- und Implementierungsunternehmen. Mit über 300 Mitarbeiter:innen an zehn Standorten in Deutschland, Österreich, Rumänien und der Schweiz unterstützt b.telligent Unternehmen in sämtlichen Projektphasen, angefangen bei der Strategie über die Analyse, Konzeption und Implementierung bis hin zu Betrieb und Weiterentwicklung der (Daten-/KI-)Lösung. Der Fokus liegt dabei auf der Optimierung von digitalen und datengetriebenen Geschäftsprozessen sowie Kunden- und Lieferantenbeziehungen.

LOVE DATA? JOIN THE TEAM!

Deine Rolle bei uns 

Du entwickelst innovative Data & Analytics Lösungen, die den Anforderungen und Bedürfnissen unserer Kunden gerecht werden
Du gehst den ganzen Weg mit unseren Kunden, von der Anforderungsanalyse über die Konzeption und Architektur bis zur Realisierung und Inbetriebnahme
Du analysierst Daten und erstellst aussagekräftige Dashboards, Berichte und Visualisierungen
Du baust State of the Art Datenplattformen in GCP, Azure und AWS und nutzt moderne Technologien (zum Beispiel Databricks, Snowflake, Fabric)
Du arbeitest mit internen Teams und Kunden eng zusammen, um optimale Lösungen zu entwickeln und umzusetzen, teilst unser Wissen aber auch projektübergreifend mit deinen neuen Kolleg:innen
Du bist wie wir begeistert von neuen Technologien und Methoden rund um BI und AI und nimmst dir die Zeit zum Evaluieren und Testen der neusten Frameworks und Tools

Das bringst Du mit

Du hast Spaß an der Arbeit mit Daten und bist motiviert, diese zielführend einzusetzen
Du bringst eine methodische und analytische Herangehensweise und Verständnis für die Bedürfnisse der Kunden mit
Du kennst den Wert guter Visualisierungen und hast ein Auge für Design und Benutzerfreundlichkeit
Du hast einen Hochschulabschluss in einem relevanten Bereich wie Informatik, Mathematik, Data Science oder ähnlichem
Du hast mehrjährige Berufserfahrung in der Welt der Daten mit mindestens einer relevanten Frontend Technologie (z.B. Power BI), vorzugsweise auch im Kontext von Beratung
Du besitzt fundierte Kenntnisse im Bereich relationaler Datenbanken, z.B. MS SQL Server, Exasol oder Snowflake inkl. der dazu gehörigen SQL Kenntnisse
Du besitzt aktuelles Wissen und praktische Erfahrung in den Bereichen System- und Datenarchitektur, Datenmodellierung, Datenintegration, Datenqualitätsmanagement und Datenvisualisierung
Du bist vertraut mit aktuellen Trends und hast Lust, Dich zu neuen Themen weiterzuentwickeln
Dich zeichnen hohe Eigeninitiative, überzeugendes Auftreten, teamorientiertes Arbeiten und eine sehr gute Kommunikationsfähigkeit in Deutsch und Englisch aus
Dir macht es Spaß, unsere Kunden auch hin und wieder außerhalb deines Wohnorts zu unterstützen und bringst eine grundsätzliche Reisebereitschaft mit
 Bei uns spielen Geschlecht, sexuelle Orientierung, Herkunft, Hautfarbe, Glaube, Alter etc. keine Rolle. Uns ist es wichtig, mit Menschen zusammenzuarbeiten, die Spaß an ihrer Arbeit haben, für ihre Interessen brennen und denen, genau wie uns, gegenseitiger Respekt und Wertschätzung am Herzen liegen. Wenn Du Dich mit unseren Werten identifizieren kannst, freuen wir uns auf Deine Bewerbung!

Jetzt bewerbenApply now

Was wir bieten

Weiterbildungen & Zertifizierungen

Bei uns kannst Du Dich intern und extern weiterbilden und zertifizieren. Deine persönliche und professionelle Entwicklung ist uns wichtig.

Attraktives Arbeitsumfeld

Unsere Büros bieten Dir helle, ergonomische Arbeitsplätze in guter Lage. Darauf legen wir großen Wert und haben für Deine Bedürfnisse immer ein offenes Ohr.

Unterstützung bei Care-Arbeit

Bei uns kannst Du Deine Arbeit flexibel gestalten. Wann, wo und wie (lange) Du arbeitest.

Betriebliche Altersvorsorge

Wir bieten Dir eine Betriebliche Altersversorgung (bAV) mit überdurchschnittlicher Arbeitgeberbeteiligung.

Einzigartiges Wir-Gefühl

Dieses Gefühl entsteht bei uns ganz einfach: In dem wir unsere Daten-Begeisterung gemeinsam leben und feiern.

Work-Life-Balance

Die ist bei uns auf jeden Fall gegeben. Beispielsweise durch flexible Arbeitszeiten, Mobile-Office-Optionen und Sabbaticals.

Unterstützung beim Einstieg

Bei uns werden neue Kolleg:innen besonders gefördert und unterstützt. Beispielsweise durch unser Mentoring-Programm.

Jobrad

Gibt's bei uns natürlich auch. Denn mit dem beliebten Fahrradleasing b.bike tust Du etwas Gutes für Dich und für die Umwelt.

Monetäre Anreize

Wir bieten Dir ein Diensthandy, das privat genutzt werden kann und es gibt die Möglichkeit, sich am Unternehmenserfolg zu beteiligen.

Was wir bieten

No items found.

Weitere Jobs

Wirf einen Blick auf andere, spannende Stellenangebote bei b.telligent.

Zu den offenen Stellen

Machine Learning & AI Consultant*

Data Science & AI

|

,

Deutschland

|

Vollzeit

Professional

Mehr lesen

Snowflake Solution Architect*

Data Platform & Data Management

|

,

Deutschland

|

Voll- oder Teilzeit

Professional

Mehr lesen

Dein Kontakt

Du hast Fragen zur Bewerbung, der Arbeit oder dem Team bei b.telligent oder möchtest Dir einfach nur einen persönlichen Eindruck verschaffen? Ich stehe Dir gerne jederzeit zur Verfügung!

Martin Fleischer

Recruiter

Your Contact

Do you have questions about applying, working or the team at b.telligent, or would you simply like to get a personal impression? I am happy to help at any time!

Martin Fleischer

Recruiter

Unser Recruiting-Team freut sich auf Dich!

Julia Müller

Martin Fleischer

Ajna Sontheimer

Jetzt bewerben

Apply Now

Must Haves

Anrede *Title *AnredeHerrFrau

Vorname *First name *

Nachname *Last name *

E-Mail *Email *

Lade hier Deinen Lebenslauf hoch (PDF/Doc) *Upload your CV here (PDF/Doc) *

Upload File

Max file size 10MB.

Uploading...

fileuploaded.jpg

Upload failed. Max size for files is 10 MB.

Nice To Have

Deine Nachricht an unsYour message to us

Weitere Anhänge hochladen (z. B. Zeugnisse oder Zertifikate)Upload additional attachments (e.g. references or certificates)

Upload File

Max file size 10MB.

Uploading...

fileuploaded.jpg

Upload failed. Max size for files is 10 MB.

AGB *T&C *

Datenschutzerklärung

Hiermit nehme ich zur Kenntnis, dass die von mir im Bewerbungsverfahren angegebenen personenbezogenen Daten gemäß der Datenschutzerklärung verarbeitet werden. *DatenschutzerklärungPrivacy Policy

 Pflichtfelder
 Required fields

47923005

WebflowForm

Submit

Vielen Dank! Deine Bewerbung wurde gesendet.

Thank you very much! Your application has been sent.

Hoppla! Beim Absenden des Formulars ist ein Fehler aufgetreten.

Oops! Something went wrong while submitting the form.",,https://www.linkedin.com/company/b-telligent-romania,,,,,,,,,,,,,1,german,
li-4462149707,linkedin,https://www.linkedin.com/jobs/view/4462149707,,Senior Market Research Specialist:in – Data Analytics & Strategic Insights,REWE International AG,"Wiener Neudorf, Lower Austria, Austria",2026-09-14,,,,,,,False,,,,,"Der Lebensmittelhandel zählt zu den dynamischsten und wettbewerbsintensivsten Branchen Europas – und prägt mit seiner Innovationskraft das tägliche Leben von Millionen Menschen. Als eines der größten Handelsunternehmen in Zentral- und Osteuropa gestaltet die REWE Group die Transformation des Lebensmitteleinzelhandels aktiv mit und setzt dabei verstärkt auf datenbasierte Entscheidungen.

Im Bereich Market Research Handel International schaffen wir die Grundlage für fundierte strategische Weichenstellungen. Markt-, Kunden- und Wettbewerbsdaten aus unterschiedlichen Quellen werden hier zusammengeführt, analysiert und in entscheidungsrelevante Insights übersetzt. Mit hohem Qualitätsanspruch, modernen Analyse-Tools und einem tiefen Verständnis für Marktmechaniken unterstützen wir Management und Fachbereiche in Österreich sowie in den internationalen Märkten.

Als Senior Market Research Specialist:in – Data Analytics & Strategic Insights übernehmen Sie eine zentrale inhaltliche und strategische Rolle im Market-Research-Team. Sie steuern komplexe Markt- und Wettbewerbsanalysen eigenverantwortlich, entwickeln Analyse- und Reporting-Standards weiter und agieren als Sparringspartner:in für Management und Schlüssel-Stakeholder.

Sie übersetzen datengetriebene Erkenntnisse in klare Handlungsempfehlungen, treiben die Weiterentwicklung datenbasierter Entscheidungsprozesse voran und leisten damit einen wesentlichen Beitrag zur strategischen Ausrichtung des Unternehmens – national wie international.

Stellenbeschreibung

Eigenverantwortliche Steuerung und Durchführung komplexer Markt- und Wettbewerbsanalysen auf Basis externer Datenquellen (z. B. Nielsen, YouGov)
Interpretation, Kommentierung und strategische Einordnung von Analyseergebnissen für Management- und Entscheidungsrunden
Konzeption, Umsetzung und Weiterentwicklung von unternehmensweiten Reports, Dashboards und KPI-Systemen (insbesondere Power BI)
Definition und Sicherstellung von Analyse- und Reporting-Standards sowie Qualitätssicherung bestehender Reports
Übersetzung von Business- und Strategiefragen in analytische Konzepte und datengetriebene Entscheidungsgrundlagen
Beratung und Zusammenarbeit mit internen Stakeholdern auf verschiedenen Hierarchieebenen bis hin zur Managementebene
Fachliche Rolle im Team, inkl. Wissenstransfer, Coaching und Unterstützung weniger erfahrener Kolleg:innen
Konzeption, Aufbau und Roll-out internationaler Reporting- und Analyse-Frameworks
Länderübergreifender Support sowie enge Zusammenarbeit mit internationalen Einheiten
Mitarbeit und inhaltliche Verantwortung bei Management-Präsentationen und strategischen Entscheidungsunterlagen

Qualifikationen

Abgeschlossenes fachspezifisches Studium (ua. Wirtschaft, Psychologie, Statistik etc.)  
Mindestens 3–5 Jahre relevante Berufserfahrung im Bereich Market Research, Datenanalyse, Business Analytics, Consulting oder vergleichbaren Funktionen
Sehr gute Kenntnisse im Umgang mit Marktforschungsdaten (z. B. Nielsen, YouGov oder vergleichbare Anbieter)
Erfahrung im Handel oder in der Konsumgüterbranche von Vorteil
Sehr gute Kenntnisse in Power BI und MS Office
Strategisches und analytisches Denkvermögen mit hoher Business-Orientierung
Souveräne Beratungs‑ und Präsentationskompetenz gegenüber internen Stakeholdern und Management
Hohe Eigenständigkeit, Entscheidungsstärke und strukturierte Arbeitsweise
Teamorientierung, Verantwortungsbewusstsein und Bereitschaft zum fachlichen Austausch

Zusätzliche Informationen

Langfristige, abwechslungsreiche Tätigkeit bei einem verlässlichen Arbeitgeber in einem kollegialen Team
Familienfreundliche Unternehmenskultur mit flexiblen Arbeitszeiten und Homeoffice (Telearbeit) unter Berücksichtigung deiner individuellen Bedürfnisse
Zahlreiche Ausbildungs- und Weiterentwicklungsmöglichkeiten im Konzern
Mitarbeiter:innen-Rabatte bei Einkauf und Reisen
Gute Erreichbarkeit und Parkplätze vor Ort
Ein marktkonformes, attraktives und leistungsbezogenes Bruttojahresgehalt ab 43.000 Euro (auf Vollzeitbasis) mit der Bereitschaft zur Überzahlung bei entsprechender Erfahrung und Qualifikation.
Wir suchen die Neugierigen, die Verlässlichen, die Motivierten, die Vielseitigen, die Ungewöhnlichen, die Offenen, die Fokussierten, die Umdenkenden, die Mitdenkenden, die Nachdenkenden und vor allem die Menschlichen, die Neues entdecken wollen.

Geben Sie uns mit Ihrem Lebenslauf Einblick in Ihre Berufserfahrungen und laden Sie ihn bitte hoch - gerne auch anonymisiert!

Wir fördern ein vielfältiges und inklusives Arbeitsumfeld. Daher freuen wir uns über Bewerbungen von Menschen unterschiedlichen Geschlechts, Alters, kulturellem oder sozialem Hintergrund, sexueller Identität und Bewerbungen von Menschen mit Behinderungen. Zusätzlich möchten wir den Anteil von Frauen in technischen Berufsfeldern erhöhen und freuen uns für diese Position besonders über Bewerbungen von Frauen.",,https://at.linkedin.com/company/rewe-international-ag,,,,,,,,,,,,,1,german,
li-4466126564,linkedin,https://www.linkedin.com/jobs/view/4466126564,,Market & Liquidity Risk Senior Expert*,BAWAG Group,"Vienna, Vienna, Austria",2026-09-14,,,,,,,False,,,,,"BAWAG Group is the publicly listed holding company of BAWAG, which, with more than 4 million customers, is one of the largest banks in Austria. As a dynamic employer, we promote talent and drive technological innovation forward at a rapid pace. Flat hierarchies, a flexible working environment, and equal opportunities for our employees are particularly important to us.

As part of our Market & Liquidity Risk Analysis team within the Enterprise Risk Management & Analytics division, you will play an active role in the ongoing management, analysis, and reporting of market and liquidity risks across the bank. This position is intended for senior risk professionals with extensive experience in banking risk management, who are motivated to shape risk methodologies, navigate complex regulatory requirements, and support strategic balance sheet and risk management decisions.

Your Responsibility

Lead the measurement, analysis and monitoring of market risks across the Group, with a particular focus on IRRBB (EVE, NII, behavioral models, hedging impacts), credit spread risk, basis risk and foreign exchange risk.
Take ownership of risk methodologies, assumptions, models and limit frameworks, ensuring their ongoing adequacy, consistency, and regulatory compliance.
Prepare risk analyses and management information for senior management, ALCO/SALCO and regulatory stakeholders, providing actionable insights and recommendations.
Actively support regulatory risk assessments and internal risk processes (e.g. ICAAP, ILAAP, stress testing, scenario analysis)
Participate in cross functional projects to implement regulatory changes, improve methodologies, and enhance risk systems and data flows
Contribute to liquidity risk analysis and reporting activities, supporting a holistic view of balance sheet risks across the Group.

Your Profile

University degree in finance, economics, mathematics, statistics or a comparable quantitative field
At least 5 years of professional experience in a bank or financial institution in Market / Liquidity Risk Management or Asset & Liability Management (ALM)
Deep understanding of IRRBB, credit spread risk, valuation concepts, balance sheet risk management and relevant regulatory requirements
Practical experience with SQL, R, Python, Power BI or comparable analytical tools
Experience with risk or ALM systems, such as OneSumX (Risk / ALM), Moody’s RiskAuthority, QRM, Sungard / FIS, Murex, or comparable platforms
Confident handling of large datasets and strong ability to translate analysis into clear, decision relevant insights
Structured, proactive, and independent working style, combined with strong teamwork skills
Very good command of English (spoken and written); German is an advantage

Our Offer

You will spend 50% of your working time in our modern and easily accessible office at Vienna Central Station. 
We support your personal development and career planning with an individual and attractive training program. Visit our BAWAG Academy and use our GoodHabitz elearning platform for both your professional and personal growth.
In addition, we offer a range of interesting and valuable additional benefits. 

For this position, the collective agreement stipulates a minimum annual gross salary of € 47.255,60 on a full-time basis. Depending on your experience and qualifications, we are willing to offer a higher salary.

Your contact person: Jutta Durstberger +43 664 80998 22099

 We value people.

Would you like to work in a team where good cooperation and diversity are actively practiced? Then you've come to the right place. Equal opportunity is important to us - regardless of age, gender, sexual orientation, physical impairment, religion or origin.

Your career with us | BAWAG| Xing | LinkedIn | Facebook | whatchado | Instagram",,https://at.linkedin.com/company/bawag-group,,,,,,,,,,,,,,,15
li-4462147561,linkedin,https://www.linkedin.com/jobs/view/4462147561,,Data Engineer,ITmatch,"Vienna, Austria",2026-09-14,,,,,,,False,,,,,"Data / Databricks Engineer (s presahom do ML & Analytiky)

Lokalita: Full Remote (s občasným cestovaním do Viedne / onsite vo Viedni je veľkým plusom)
Formát spolupráce: Kontrakt / Živnosť
Sadzba: Case-by-case (podľa skúseností kandidáta)

O projekte a tíme:

Hľadáme univerzálneho Databricks Engineera, ktorý sa pripojí k tímu pracujúcemu na kľúčových analytických riešeniach pre Erste Group. Tím sa aktuálne zameriava na close-to-real-time analytiku a anomály detection.

Doteraz systém fungoval najmä na základných štatistických modeloch. Náplňou práce bude toto riešenie posunúť na vyššiu úroveň (zmaturovať ho) – pridať pokročilejšie modely a presunúť fokus z jednoduchého detegovania problémov na „WHY“ (čo dané anomálie znamenajú, prečo vznikajú a ako im predchádzať).

Čo bude tvojou náplňou práce?

Data Engineering & Optimalizácia: Návrh, vývoj a ladenie dátových pipelines v prostredí Databricks.
Presah do ML Ops & CI/CD: Nastavovanie CI/CD pre dátové/ML procesy a práca s MLflow (nemusíš trénovať komplexné AI modely, ale musíš poznať možnosti Databricks v oblasti ML a pomôcť ich integrovať).
Ľahká dátová analýza: Skúmanie dát a anomálií ako prerekvizita pre ďalší vývoj a návrh nových modelov.
Príprava dát pre BI: Príprava a optimalizácia dátových modelov pre reportingové nástroje (Power BI, Tableau).
Streaming & Real-time: Práca so streamingom dát a real-time inferenciou.

Požiadavky na kandidáta:

Databricks ekosystém: Súvisiace skúsenosti s Delta Lake, Spark Jobs a Databricks Asset Bundles (DAB).
Práca s ML nástrojmi: Prehľad o MLOps v Databricks (práca s MLflow, nasadzovanie modelov do produkcie).
CI/CD: Skúsenosť so spájaním Databricks s CI/CD pipelines.
Streaming & BI: Skúsenosti s spracovaním real-time dát a prípravou dát pre reporting (Power BI / Tableau).
Profil: Nemusíš byť architekt/super-senior, ale hľadáme človeka s širokým presahom (tzv. T-shaped engineer), ktorý rozumie dátam end-to-end.

Výhodou je:

Skúsenosti so štatistickými modelmi alebo Anomaly Detection v minulosti.
Ochota dochádzať do Viedne pravidelnejšie (onsite prítomnosť v Erste Group je klientom veľmi vítaná).
Znalosť anglického jazyka na komunikatívnej úrovni (nemčina je plus, nie podmienka",,https://sk.linkedin.com/company/itmatch-com,,,,,,,,,,,,,,,85
li-4464799983,linkedin,https://www.linkedin.com/jobs/view/4464799983,,Data Platform Consultant (m/w/d),smartpoint dataformers GmbH,"Vienna, Austria",2026-09-14,,,,,,,False,,,,,"Gestalte moderne Datenlösungen gemeinsam mit unseren Kunden

Du kannst komplexe Daten- und Analytics-Themen verständlich machen, erkennst hinter einer fachlichen Anforderung die passende technische Lösung und fühlst dich sowohl im Kundengespräch als auch in Power BI oder Microsoft Fabric wohl?
Dann möchten wir dich kennenlernen.

Als Data Platform Consultant begleitest du unsere Kunden dabei, aus Daten funktionierende Lösungen und bessere Entscheidungen zu machen. Du arbeitest an der Schnittstelle zwischen Fachbereich und Technologie. Du verstehst Anforderungen, entwickelst gemeinsam mit dem Kunden Lösungsansätze und begleitest deren Umsetzung – vom ersten Workshop über den Proof of Concept bis zur produktiven Lösung.

Dabei arbeitest du mit Technologien wie Microsoft Fabric, Power BI und Databricks und bringst gleichzeitig deine eigenen Ideen in den weiteren Ausbau unseres Data-Analytics-Bereichs ein.
Du musst dabei nicht jede Technologie bereits bis ins letzte Detail beherrschen. Entscheidend ist für uns, dass du ein solides Verständnis für Daten und Analytics mitbringst, gerne mit Kunden arbeitest und Lust hast, dich fachlich weiterzuentwickeln.

Für diese Position gilt je nach Aufgabenbereich und Erfahrung ein kollektivvertragliches Mindestgehalt ab € 3.954,- brutto monatlich auf Vollzeitbasis. Bei entsprechender Qualifikation und Verantwortung ist eine Einstufung in ST2 vorgesehen. Das Mindestgehalt beträgt dort € 4.611,- in der Regelstufe beziehungsweise € 5.444,- in der Erfahrungsstufe. Dein tatsächliches Gehaltspaket richtet sich nach deiner Erfahrung, deinem Know-how und dem Verantwortungsumfang der Position und wird individuell mit dir vereinbart.

Was du bei uns gestaltest:

Consulting & Lösungsdesign
Du führst Anforderungs- und Lösungsworkshops mit unseren Kunden durch.
Du verstehst fachliche Herausforderungen und übersetzt sie in tragfähige Daten-, BI- und Analytics-Lösungen.
Du entwickelst und präsentierst Lösungsvarianten und passende Architekturen.
Du begleitest Projekte von der ersten Idee über Proof of Concepts bis zur Umsetzung.
Du berätst Kunden bei Technologieentscheidungen sowie zu Themen wie Data Governance und moderner Datenarchitektur.
Du unterstützt dabei, neue Ideen, Methoden und Angebote in unserem Data-Analytics-Bereich weiterzuentwickeln.

Data Analytics & Business Intelligence
Du konzipierst gemeinsam mit unseren Kunden Reports, Dashboards und Analytics-Lösungen mit Power BI.
Du entwickelst Datenmodelle, die fachlich verständlich, performant und langfristig wartbar sind.
Du verbindest und strukturierst Daten aus unterschiedlichen Quellen.
Du unterstützt Kunden beim Aufbau von Reporting- und Self-Service-BI-Lösungen.
Du sorgst dafür, dass aus Daten nicht nur schöne Dashboards, sondern tatsächlich relevante Erkenntnisse entstehen.

Modern Data Platforms
Du begleitest End-to-End-Lösungen auf Basis von Microsoft Fabric - von der Datenquelle bis zum fertigen Reporting.
Du arbeitest mit Daten aus Systemen wie SQL Server, Snowflake, ERP- oder CRM-Lösungen.
Du unterstützt unsere Kunden bei Datenmanagement, Datenmodellierung, Data Warehousing und modernen Lakehouse-Architekturen.
Je nach Projekt und deinem Schwerpunkt arbeitest du dabei selbst hands-on oder eng mit unseren Data Engineers zusammen.

Wenn es zu deinem Profil passt und dir Freude macht, kannst du dein Wissen außerdem in Schulungen, Fachvorträgen, Webinaren oder auf Veranstaltungen weitergeben. Wichtiger als ein bestimmter Ausbildungsweg ist für uns, dass du Daten verstehst und dieses Verständnis in gute Lösungen übersetzen kannst.

Das solltest du mitbringen:
Abgeschlossene Ausbildung mit IT-Schwerpunkt von Vorteil und gutes technisches Verständnis
Erfahrung mit Power BI, Power Query und Datenmodellierung
Kenntnisse in SQL und im Umgang mit relationalen Datenbanken
Verständnis moderner Datenarchitekturen wie Data Warehouse, Data Lake und Data Lakehouse
Erfahrung mit Microsoft Fabric, Databricks, Dataflows oder Datenpipelines von Vorteil
Freude an der Beratung und daran, fachliche Anforderungen in passende Lösungen zu übersetzen
Strukturierte und eigenverantwortliche Arbeitsweise
Kommunikationsstärke und sicheres Auftreten in Meetings, Workshops und Präsentationen
Ausgezeichnete Deutschkenntnisse in Wort und Schrift
Erfahrung im Projektmanagement von Vorteil

Unser Angebot:
Bei uns bekommst du nicht einfach das nächste Reporting-Projekt. Du bekommst die Möglichkeit, Lösungen mitzugestalten und unseren Data-Analytics-Bereich gemeinsam mit uns weiterzuentwickeln.

Gestaltungsspielraum: Deine Ideen sind ausdrücklich erwünscht – fachlich, technisch und bei der Weiterentwicklung unseres Angebots.
Moderne Technologien: Du arbeitest mit Microsoft Fabric, Power BI, Databricks und modernen Data-Platform-Architekturen.
Abwechslungsreiche Projekte: Unterschiedliche Unternehmen, Branchen und fachliche Herausforderungen sorgen dafür, dass es nicht bei einem einzigen Use Case bleibt.
Weiterentwicklung: Wir unterstützen dich mit gezielter Weiterbildung und relevanten Zertifizierungen.
Erfahrenes Team: Du arbeitest mit Kolleg:innen zusammen, mit denen du Wissen teilen, Lösungen diskutieren und dich fachlich weiterentwickeln kannst.
Flexibilität: Flexible Arbeitszeiten und bis zu 60 % Mobile Working geben dir Spielraum bei der Gestaltung deines Arbeitsalltags.
Kurze Wege: Du arbeitest eigenverantwortlich und kannst Entscheidungen und Ideen direkt einbringen.
Ein Umfeld, in dem Zusammenarbeit zählt: unkompliziert, wertschätzend und mit Freude an guten Lösungen.
Work-Life-Balance: Teilzeit ab 30h/Woche sind für uns ebenfalls denkbar
Standorte: Linz, Wien oder Graz

Als Teil der Bechtle-Gruppe verbinden wir dabei die Flexibilität und Spezialisierung eines österreichischen IT-Unternehmens mit den Möglichkeiten und der Stabilität eines internationalen Technologieunternehmens.",,https://at.linkedin.com/company/smartpoint-it-consulting-gmbh,,,,,,,,,,,,,1,german,
li-4429353077,linkedin,https://www.linkedin.com/jobs/view/4429353077,,"Consultant, Risk & Compliance - Credit Risk (Financial Services)",Boston Consulting Group (BCG),"Vienna, Vienna, Austria",2026-09-14,,,,,,,False,,,,,"Locations: Germany | Austria

Who We Are

Boston Consulting Group partners with leaders in business and society to tackle their most important challenges and capture their greatest opportunities. BCG was the pioneer in business strategy when it was founded in 1963. Today, we help clients with total transformation-inspiring complex change, enabling organizations to grow, building competitive advantage, and driving bottom-line impact.

To succeed, organizations must blend digital and human capabilities. Our diverse, global teams bring deep industry and functional expertise and a range of perspectives to spark change. BCG delivers solutions through leading-edge management consulting along with technology and design, corporate and digital ventures—and business purpose. We work in a uniquely collaborative model across the firm and throughout all levels of the client organization, generating results that allow our clients to thrive.

Practice Area

The Risk & Compliance Practice provides strategic, transformational and technical offerings in risk and compliance. We take a comprehensive view which enables us to help our clients grow their businesses while staying ahead of key risks, anticipating regulatory shifts, and instilling ethical practices. Our offerings include, but also extend beyond: Compliance and Crisis Management, Cyber and Digital Risk, Credit Risk Management, Balance Sheet Optimization, Market & Commodity Risk, ESG, Risk Org, Ops and Operational Risk, and Supply Chain Risk.

What You'll Do

Work as part of cross-functional project teams across financial institutions to develop and implement tailored credit risk strategies, frameworks, and operating models, conducting in-depth quantitative and qualitative analyses to inform client decision-making.
Drive delivery across core credit risk project types, including Credit Process Optimization, Credit Model
Development and Validation (PD, LGD), Asset Quality Reviews (AQR), and IFRS 9 impairment frameworks.
Collaborate closely with client teams to ensure successful delivery of regulatory compliance programs, credit risk model validations, and risk governance redesigns.
Serve as a key contributor in credit risk transformation projects, applying your expertise to maximize client impact

What You'll Bring

Relevant experience in credit risk within financial services or management consulting, particularly in credit underwriting, PD/LGD model development or validation, regulatory capital, IFRS 9, or lending operations.
Experience working on or alongside regulatory bodies in a supervisory, advisory, or project capacity is a plus. Strong analytical and problem-solving skills in[FK1.1] quantitative credit risk modelling and financial analysis, with a solid understanding of credit risk model mechanics (PD, LGD) and proficiency in AI-assisted analytics and credit risk platforms used in major banks, as well as tools such as Python or R
Financial Institutions Experience: Demonstrated track record of delivering credit risk projects for major European banks, helping them address complex regulatory, modelling, and operational challenges.
Excellent Communication Skills: Ability to communicate clearly and persuasively at the C-suite level and build trusted, long-term client relationships.
Fluent oral and written language skills: German (C1) and English

Boston Consulting Group is an Equal Opportunity Employer. All qualified applicants will receive consideration for employment without regard to race, color, age, religion, sex, sexual orientation, gender identity / expression, national origin, disability, protected veteran status, or any other characteristic protected under national, provincial, or local law, where applicable, and those with criminal histories will be considered in a manner consistent with applicable state and local laws.

BCG is an E - Verify Employer. Click here  for more information on E-Verify.",,https://www.linkedin.com/company/boston-consulting-group,,,,,,,,,,,,,1,german,
li-4438334360,linkedin,https://www.linkedin.com/jobs/view/4438334360,,"AI Associate (all genders) - BCG Platinion Vienna, Austria",BCG Platinion,"Vienna, Vienna, Austria",2026-09-13,,,,,,,False,,,,,"You want to use AI to transform how companies operate, make decisions, and grow? Then join us in shaping the next generation of AI-driven architectures for leading organizations worldwide. Design agentic platforms, autonomous delivery pipelines, and intelligent systems that translate enterprise knowledge into scalable business impact. Bring your unique strengths to our distinctive team – one that consistently supports each other. As part of the Boston Consulting Group, we drive innovation from the boardroom to the code.

Shape the world of tomorrow

You will contribute to the design of AI-driven target architectures – from LLM orchestration and agentic AI to harness engineering in autonomous software factories such as the “Agentic Software Factory” – and learn how to integrate these approaches into enterprise landscapes in a scalable way with measurable business impact
You will develop rule sets, toolchains, evaluation frameworks and CI/CD integrations that govern the behavior of coding agents across the entire SDLC
You will build modern software delivery approaches: from DevSecOps and CI/CD pipelines to automated testing and platform engineering in an enterprise context
You will work directly with clients to translate business intent into precise, testable specifications that agents can execute
You will support the design of evaluation and governance mechanisms that ensure AI systems are secure, transparent, and compliant with enterprise standards
You will communicate architectures and results clearly and convincingly – to both technical teams and business stakeholders on the client side

This Is How You Can Make a Difference

You have completed (or are about to complete) a degree in computer science, business informatics, business mathematics, mathematics, AI engineering or a related field 
You have hands-on experience with AI coding agents (e.g., Claude Code, Cursor, Codex, or similar) – for example through academic work, internships, university projects or personal experiments 
You understand concepts such as agent loops, evaluation and observability, MCP, deep agents, or AI-native architectures – and you are motivated to dive deeper 
Ideally, you have initial experience with agent evaluation, observability tools (e.g., Langfuse, LangSmith) or orchestration frameworks (e.g., LangChain, LangGraph) 
You enjoy tackling complex digital challenges and are enthusiastic about developing and communicating solutions 
You thrive in interdisciplinary teams and global environments and are flexible and willing to travel
You are fluent in both German and English and can confidently understand and communicate complex topics in both languages

How You Can Grow With Us

We guarantee constant new development incentives in an open and rewarding work environment. You'll face challenges every day together with a dedicated team of talented colleagues. Individual training offers and a culture of open feedback will provide the framework you need to explore and perfect your own strengths. Our modern structures enable you to stay focused. This includes easy travel booking, our excellent back-office support and a comprehensive Knowledge Center. With our regular office Fridays and legendary events, we cultivate a strong and close team network from which you will also profit beyond your case work. To support your growth in the AI space, we provide state-of-the-art hard- and software infrastructure for AI-powered work, as well as a comprehensive AI enablement training program that equips you with the skills to thrive in an AI-driven world.

Become a part of our team

BCG Platinion is an Equal Opportunity Employer and actively promotes diversity and inclusion. We consider all qualified applicants regardless of ethnic and social background, age, gender, sexual identity, religion, ideology or disability.

Apply now with your CV, a meaningful project list and all relevant references via our online portal or contact Leonie Kutschera-Gross (+49 221 58958-555) if you have any questions.

Our salary for this position is at least €60,000 per year (all-in) based on full-time employment. Depending on professional experience and qualifications, we are of course prepared to pay more than this amount and offer other attractive benefits! We look forward to getting to know you - we would be happy to provide further insights in a personal interview!

Further information at http://www.bcgplatinion.com/de-de/careers?local=de

#BCGPlatinion",,https://de.linkedin.com/company/bcg-platinion,,,,,,,,,,,,,1,german,
li-4416338281,linkedin,https://www.linkedin.com/jobs/view/4416338281,,Advanced AI & Data Architect / Engineer (all genders),Accenture DACH,"Vienna, Vienna, Austria",2026-09-12,,,,,,,False,,,,,"Im AI & Data Team bei Accenture vereinen wir einzigartige Persönlichkeiten und zukunftsgerichtetes Know-How, um gemeinsam mit unseren Kunden datengetriebene Transformation voranzutreiben und die Zukunft durch KI zu gestalten.

Wir begleiten unsere Kunden Ende-zu-Ende – von der strategischen, KI-nativen Neuausrichtung & Zieldefinition der Organisation über die Konzeption & Entwicklung von cutting-edge KI-Lösungen bis hin zum technischen Design & der Implementierung von KI- & Daten-Plattformen. Dabei verbinden wir fachliche Expertise, moderne KI-Technologien (insb. generative und agentische KI) und tiefes Technologieverständnis, um messbaren, transformativen Geschäftswert zu schaffen.

Deine Mission

Du möchtest komplexe technische Herausforderungen meistern und die Grundlage für skalierbare KI- und Datenlösungen schaffen?

Dann bist du in der AI & Data Technology Practice genau richtig: Wir sorgen dafür, dass innovative Technologien nahtlos integriert, skaliert und produktiv betrieben werden – damit aus Visionen Realität wird.

Als Teil unseres Teams gestaltest du die technische Implementierung von modernen Daten- und KI-Lösungen, integrierst innovative Anwendungen in bestehende Systemlandschaften und etablierst moderne Datenarchitekturen. Du arbeitest an der Skalierung im operativen Betrieb und stellst sicher, dass unsere Lösungen nicht nur funktionieren, sondern nachhaltigen Mehrwert schaffen.

Dabei kannst du dich in mehreren spannenden Rollen spezialisieren:

Center of Advanced AI: Full Stack LLM Development & AI LLM Technology Architecture

Data & Business Intelligence: Data Architecture & Data Engineering

Das erwartet dich:

KI- und Datenanwendungen mit Vision Nutze dein technisches Fachwissen und deine Leidenschaft für moderne Technologien, um die nächste Generation von KI- und Datenarchitekturen für unsere Kunden zu gestalten und den Einsatz generativer und agentischer KI voranzutreiben.

Technologieberatung auf höchstem Niveau Als Teil eines interdisziplinären Teams identifizierst du als Technology Consultant die passenden Technologien und Architekturen, um Daten- und KI-Anwendungen effizient und skalierbar nutzbar zu machen. Du bewertest technologische Optionen, entwirfst Zielarchitekturen und leitest daraus belastbare technische Konzepte und Roadmaps ab.

Realer Impact für Industrien und Gesellschaft Bei Accenture arbeitest du mit weltweit führenden Unternehmen und Institutionen an wegweisenden Lösungen. Das Ziel: datengetriebene Anwendungsfälle identifizieren, gestalten, testen und erfolgreich in die Praxis bringen – von der ersten Idee bis zur Skalierung. So schaffst du echten Mehrwert und treibst Innovation voran.

Implementierung von Lösungen mit nachhaltigem Erfolg In enger Zusammenarbeit mit Entscheidungsträger:innen und Umsetzungsteams verantwortest du die technische Realisierung von Lösungen im KI und Datenbereich. Du stellst eine saubere Integration in bestehende Systemlandschaften sicher und begleitest den Übergang in den produktiven Betrieb – mit besonderem Augenmerk auf Stabilität, Sicherheit, Skalierbarkeit und langfristige Wartbarkeit.

Darauf freuen wir uns:

Erfolgreicher Abschluss eines relevanten Studiums auf Master- oder PhD-Niveau im IT-Bereich, bevorzugt mit Schwerpunkt KI, Data Engineering, Software-Engineering oder Datenbanken.

Mindestens 2-3 Jahre Berufserfahrung in einem einschlägigen Bereich.

Fortgeschrittene Kenntnisse in diesen Bereichen setzen wir voraus: Software-Engineering (z.B.: Python, Scala, Java, C#, Go), Version Control System (z.B.: Git, Azure DevOps), Datenmanipulation (z.B.: SQL, R, Spark), SQL-Datenbanken (z.B.: MS SQL Server, Oracle, Postgres), Web APIs (z.B.: REST, SOAP).

Zusätzlich erwarten wir uns Expertise in einem der folgenden Kernbereiche:

 Advanced AI: AI & ML Development (LangChain/Graph, LlamaIndex, PyTorch, MLflow) sowie Erfahrung mit LLM Foundation-/Fine Tuned Models (Open AI, Mistral, Anthropic, Hugging Face) und Vektordatenbanken (Azure AI Search, Chroma DB, PgVector)

 Data Architecture & Engineering: Data Warehouse/Data Integration (z.B.: Databricks, Snowflake, MS Fabric, BigQuery, Azure Synapse) sowie NoSQL Datenbanken (z.B.: Azure Cosmos DB, MongoDB, InfluxDB)

Folgende Kenntnisse in einem oder mehreren dieser Bereiche sind ein Plus: Continuous Integration & Delivery (z.B.: Unit Testing, Jenkins, Release Management), Cloud Architekturen (z.B.: AWS, Azure, GCP – Zertifizierungen erwünscht), Big Data /In-Memory-Datenbanken (z.B.:Cloudera, Redis), Graphdatenbanken (Neo4j, Amazon Neptune, ArangoDB), Streaming Plattformen z.B. (Apache Kafka, Azure Event Hubs), Containerisierung & Orchestrierung (z. B. Docker, Kubernetes).

Projektbezogene Mobilität, Kommunikationsstärke auf Deutsch und Englisch sowie eine hohe Kundenorientierung

Was wir bieten

Attraktive Benefits eines globalen Unternehmens

Zugriff auf internationales Wissen und Expertennetzwerke

Flexible Arbeitszeitmodelle & Homeoffice

Überstundenausgleich

Umfangreiche Trainings- und Weiterbildungsmöglichkeiten

Zusammenarbeit mit führenden Expert:innen

Stetige fachliche und persönliche Weiterentwicklung

Die Accenture-Kultur: Hier machst DU den Unterschied

Deine Fähigkeiten, dein Naturell und deine Ambitionen machen dich einzigartig. Und wenn die unterschiedlichsten Talente, Stärken und Sichtweisen aufeinandertreffen, entsteht etwas Großartiges: Ideen, die in der Welt etwas bewegen. Deshalb setzen wir bei Accenture auf Diversität und freie Entfaltung. Schaffe dir ein Arbeitsumfeld, in dem du aufgehst. Mit Aufgaben, die dir am Herzen liegen. Mit einem Workload, der zu dir passt. Und mit einer Arbeitsweise, die sich an deinen Zielen orientiert. Wie du dich vernetzen, weiterbilden und persönlich wachsen willst, liegt bei dir. Es ist deine Karriere. Wir helfen dir, sie so zu gestalten, wie du es dir vorstellst. 

Dein Kontakt

Du hast Fragen? Dann wende dich gerne an unser Recruiting Team per E-Mail an recruiting_austria@accenture.com. Wir freuen uns auf dich!

Neben spannenden Projekten bieten wir dir ein sehr attraktives Vergütungspaket, flexible Arbeitszeiten, ein modernes Umfeld und viele weitere zusätzliche Benefits. Du hast bei uns die Möglichkeit, basierend auf deiner individuellen Leistung aktiv dein Jahreseinkommen positiv zu beeinflussen.

Das Jahresbruttogehalt für diese Position startet, je nach Qualifikation und Erfahrung, bei 61.000 €.

Wir freuen uns auf deine Bewerbung!",,https://de.linkedin.com/company/accenture-dach,,,,,,,,,,,,,1,german,
li-4466098869,linkedin,https://www.linkedin.com/jobs/view/4466098869,,(Senior) Data Scientist (m/f/d),Machine Learning Reply GmbH,"Vienna, Vienna, Austria",2026-09-11,,,,,,,False,,,,,"At Machine Learning Reply Austria  we strive to work on leading-edge technology projects with our clients for which we are seeking Data Science consultants with a strong technical background.

Machine Learning Reply, with its sister companies in Italy and Germany and over 15000 employees at Reply globally, is a fast-growing consultancy focused on solving problems with Web Development, Cloud technologies, Data Platforms and the right organisational frameworks as their backbone. We are a tight knit, laid back, but seriously motivated unit that aims to be involved at conferences and in community of practice with our tech partners.

We offer tailor-made end-to-end cloud-based solutions that cover the entire project life cycle - from initial strategy consulting to data architecture and infrastructure issues to data processing and deployment of production-ready solutions.

We have a vast expertise in every step of the product implementation spectrum in all key industries of the German HDAX-companies. With focus on open source and cloud technologies we enable our customers to successfully introduce and implement new data-driven solutions and to optimise already existing processes and products while simultaneously adapting to cloud technologies

Tasks

You are responsible for customised end-to-end solutions in the field of data science that cover the entire project cycle at the customer. Data architecture, infrastructure topics or quality assurance with machine learning algorithms are your passion.

Identify and analyse problem solutions and discuss them with the customer.
Propose and discuss effective solutions and develop, optimise and deploy them into production
Develop state-of-the-art algorithms, implement them and automate workflows in an agile environment
Stay up to date on the cutting edge of technology and work together with market-leading technology companies
Be the point of connection between the technical team and management realising business needs

What we offer you:

We offer you for this position according to the collective agreement for employees in data processing and information technology a gross monthly salary of at least € 3215 (Consultant) or € 4286 (Senior Consultant) depending on your previous experience.
Access to work on projects across industries (large and mid-market companies in Banking, Insurance, Automotive, Retail, etc.)
Very active group social program - including conference funding, team building, group events, Reply Exchange
Recognition for Innovation to foster your personal development
Work in an open, flat environment, within a broad Reply knowledge sharing network (more than 90 autonomous Reply groups across 8 countries)
Office space in downtown Vienna with access to Stammstrecke
Training and certification encouraged
Home-office contracts
State-of-the-art work equipment
Award winning office spaces for an excellent work experience
Public transport ticket within Vienna
Gym-membership subsidy for a gym of your choice
Flexible work environment between client, Reply office and remote work

Qualifications:

We are looking forward to your completed studies in computer science, mathematics, physics or comparable
Solid experience with Python, JavaScript or Java
Excellent software engineering skills (algorithms and data structures, object-oriented programming, CI/CD, automated testing, optimisation and writing tidy code, etc.
Sound knowledge of machine learning and statistics, ideally with expertise in at least one of the relevant areas, e.g. NLP, recommender systems, time series, computer vision
Knowledge of cloud services from AWS or Azure, or alternatively experience with on-premise deployment
Experience in prioritising customer needs and creating solutions or applications which bring business value
Experience with agile development concepts like Scrum
Excellent German skills, good English skills, and willingness to travel if required by the project

What are you waiting for?

Join our team at Machine Learning Reply as a Data Scientist!",,https://de.linkedin.com/company/machine-learning-reply-de,,,,,,,,,,,,,1,0%,0
li-4466403554,linkedin,https://www.linkedin.com/jobs/view/4466403554,,Consultant - quantitative Methoden & Strategy (w|m|d),zeb consulting,"Vienna, Vienna, Austria",2026-09-11,,,,,,,False,,,,,"zeb ist eine der führenden, auf den Finanzdienstleistungssektor spezialisierten Strategie-, Management und IT- Beratungen in Europa. Wir unterstützen Banken, Versicherungen und (Tech) Dienstleister bei allen Herausforderungen und Chancen, die sich aus dem Wandel der Branche ergeben.

Dein Beitrag zu einer modernen Finanzbranche:

Strategische Beratung: Du unterstützt unsere Kunden bei institutsweiten Fragestellungen im Risikomanagement und -controlling – von der Risikoidentifikation über die Messung bis hin zur wirkungsvollen Steuerung. Dabei wirst du zur wichtigen Ansprechperson für risikorelevante Fragestellungen und gestaltest aktiv das Risikomanagement unserer Kunden mit. 
Datengetriebene Analysen und Modellierung: Du konzipierst und erstellst Analysen und Modellierungen zu verschiedenen Risikothemen – z.B. zu ESG-Risiken, RWA-Treibern oder Szenarioanalysen – und übersetzt komplexe Risiko- und Steuerungsfragestellungen in transparente Entscheidungsgrundlagen für das Management. 
Verantwortung und Projektarbeit: Du arbeitest aktiv in interdisziplinären Projektteams und übernimmst Verantwortung für eigene Arbeitspakete. In enger Zusammenarbeit mit erfahrenen Kollegen und unseren Kunden treibst du Projekte voran und gestaltest zukunftsfähige Lösungen. 
Ergebnisaufbereitung und Präsentation: Du machst komplexe Inhalte verständlich, bereitest deine Ergebnisse adressatengerecht auf und präsentierst sie bei unseren internationalen Kunden aus der Finanzbranche. 
Wissensaufbau und -transfer: Du baust dein Fachwissen im Banken- und Risikomanagementumfeld kontinuierlich auf, entwickelst im Team innovative Lösungsansätze und wirkst an Studien, Fachartikeln und internen Publikationen mit. 

Deine Skills:

Erfolgreicher Hochschulabschluss (Mathematik, Naturwissenschaften, z. B. Physik, oder Wirtschaftswissenschaften, z. B. VWL, BWL oder Wirtschaftsinformatik). Verständnis und Interesse für die Finanzbranche sowie für aktuelle Herausforderungen im Banking (z.B. AI und Digitalisierung) und regulatorisches Know-how. 
Freude an Analysetätigkeiten sowie daran, deine Ergebnisse strukturiert in konkrete Handlungsempfehlungen für das Management zu übersetzen. 
Sicherer Umgang mit Consulting-Tools, insbesondere Excel und PowerPoint; Erfahrung mit Programmier- und Datenanalyse-Tools (z. B. Python, R, SQL, VBA) sowie Visualisierungs- und Reporting-Tools (z. B. Tableau, Power BI) ist von Vorteil. 
Sehr gute Deutschkenntnisse (mindestens C1-Niveau, verhandlungssicher) sowie gute Englischkenntnisse (mindestens B2-Niveau, fließend) in Wort und Schrift. 

Deine Benefits

Training: Entwickle deine Stärken mit uns weiter – und profitiere von unserem umfassenden Trainingsprogramm und Sprachkursen. Zusätzlich sind individuelle Seminare mit externen Veranstaltern möglich, wenn gewisse Schulungen notwendig, aber nicht im allgemeinen Trainingskatalog vorhanden sind. Executive Coaching: Für ausgewählte Fragestellungen von Führungskräften bieten wir Coachings im Bereich Positionierung der eigenen Person im Unternehmen, Kommunikation, Führung und Verhandlungsmanagement. 
Events: Ein wichtiger Teil unserer Kultur ist der Austausch untereinander und das Networking. Zahlreiche Events geben dir dazu die Gelegenheit, wie zum Beispiel die Christmas Party, die zeb.Uni, das Partner Dinner oder das Format „Beer & Pizza“. 
Agile Arbeitswelt: In unseren agilen Arbeitsräumen sind deiner Kreativität keine Grenzen gesetzt. Ob SCRUM, Kanban oder Design Thinking – hier bringen wir die agile Welt in die Umsetzung. Mehr zu unseren Offices findest du hier. 
Flexibilität: Um dir bestmögliche Flexibilität zu bieten, musst du nicht an einem unserer Standorte wohnen: Neben Kundenterminen entscheidest du, ob du ins Office fahren oder lieber von zu Hause aus arbeiten möchtest. Aus diesem Grund kannst du dir sowohl deinen Standort als auch deine Practice Group - Projektgruppen zu spezifischen Themen - selbst wählen und im Laufe der Zeit problemlos wechseln. 

Chancengleichheit für alle: Wir freuen uns über Bewerbungen von Menschen mit unterschiedlichsten Hintergründen – unabhängig von Alter, Behinderung, ethnischer Zugehörigkeit, Nationalität, Geschlecht, Religion, sexueller Identität oder sozialer Herkunft. Als Arbeitgeber setzen wir auf Menschen, die gern Neues ausprobieren, Verantwortung übernehmen und andere durch ihr Tun inspirieren.",,https://de.linkedin.com/company/zebconsulting,,,,,,,,,,,,,1,german,
li-4466390604,linkedin,https://www.linkedin.com/jobs/view/4466390604,,Mathematiker / Physiker als Softwareentwickler Quantitative Methoden (w|m|d),zeb consulting,"Vienna, Vienna, Austria",2026-09-11,,,,,,,False,,,,,"zeb ist eine der führenden, auf den Finanzdienstleistungssektor spezialisierten Strategie-, Management und IT- Beratungen in Europa. Wir unterstützen Banken, Versicherungen und (Tech) Dienstleister bei allen Herausforderungen und Chancen, die sich aus dem Wandel der Branche ergeben.

Deine Aufgaben:

Du entwirfst IT-Lösungen für finanzwirtschaftliche Fragestellungen und treibst somit die Digitalisierung voran. 
Tauche tief ein in Python-Simulationen oder Scala-Prototypen und spezialisiere dich im Laufe deiner Karriere. 
Du begleitest eigenverantwortlich oder auch gemeinschaftlich die Softwareentwicklung und agierst dabei an der Schnittstelle zum Kunden. 
Du entwirfst Konzepte, erstellst softwaretechnische Grundlagen und implementierst die Lösungen. 
Du entwickelst die vorhandene Software zeb.control für den Finanzbereich konsequent weiter und bringst damit zeb und deine persönliche Karriere voran. 
Du überschreitest die Grenzen und engagierst dich für zeb als Ganzes, z. B. durch Vorträge und Artikel, im Recruiting oder Innovationsmanagement. 

Deine Skills:

Erfolgreich abgeschlossenes Hochschulstudium mit naturwissenschaftlicher, wirtschaftswissenschaftlicher oder IT-Ausrichtung. 
Du hast bereits erste Berufserfahrung als Rechenkern-/Softwareentwickler:in; erste Einblicke in die Finanzdienstleistung sind ein Plus, aber kein Muss. 
Mit Modellierungsverfahren, Methoden und Werkzeugen der Softwareentwicklung kennst du dich aus und gehst in der Zusammenarbeit agil vor. 
Neue Aufgaben erfasst du schnell, Inhalte analysierst und erarbeitest du eigenständig und gemeinschaftlich. 
Du kannst dich gut in ein Team einbringen, bist zuverlässig und begeisterst mit kreativen Ideen. 
Du hast Spaß daran, gemeinsam Gewohntes infrage zu stellen. 
Sehr gute Deutschkenntnisse (mindestens C1-Niveau, verhandlungssicher) sowie gute Englischkenntnisse (mindestens B2-Niveau, fließend) in Wort und Schrift. 

Deine Benefits

Training: Entwickle deine Stärken mit uns weiter – und profitiere von unserem umfassenden Trainingsprogramm und Sprachkursen. Zusätzlich sind individuelle Seminare mit externen Veranstaltern möglich, wenn gewisse Schulungen notwendig, aber nicht im allgemeinen Trainingskatalog vorhanden sind. Executive Coaching: Für ausgewählte Fragestellungen von Führungskräften bieten wir Coachings im Bereich Positionierung der eigenen Person im Unternehmen, Kommunikation, Führung und Verhandlungsmanagement. 
Events: Ein wichtiger Teil unserer Kultur ist der Austausch untereinander und das Networking. Zahlreiche Events geben dir dazu die Gelegenheit, wie zum Beispiel die Christmas Party, die zeb.Uni, das Partner Dinner oder das Format „Beer & Pizza“. 
Agile Arbeitswelt: In unseren agilen Arbeitsräumen sind deiner Kreativität keine Grenzen gesetzt. Ob SCRUM, Kanban oder Design Thinking – hier bringen wir die agile Welt in die Umsetzung. Mehr zu unseren Offices findest du hier. 
Flexibilität: Um dir bestmögliche Flexibilität zu bieten, musst du nicht an einem unserer Standorte wohnen: Neben Kundenterminen entscheidest du, ob du ins Office fahren oder lieber von zu Hause aus arbeiten möchtest. Aus diesem Grund kannst du dir sowohl deinen Standort als auch deine Practice Group - Projektgruppen zu spezifischen Themen - selbst wählen und im Laufe der Zeit problemlos wechseln. 

Chancengleichheit für alle: Wir freuen uns über Bewerbungen von Menschen mit unterschiedlichsten Hintergründen – unabhängig von Alter, Behinderung, ethnischer Zugehörigkeit, Nationalität, Geschlecht, Religion, sexueller Identität oder sozialer Herkunft. Als Arbeitgeber setzen wir auf Menschen, die gern Neues ausprobieren, Verantwortung übernehmen und andere durch ihr Tun inspirieren.",,https://de.linkedin.com/company/zebconsulting,,,,,,,,,,,,,1,german,
li-4466094951,linkedin,https://www.linkedin.com/jobs/view/4466094951,,(Senior) GenAI Engineer (m/f/d),Machine Learning Reply GmbH,"Vienna, Vienna, Austria",2026-09-11,,,,,,,False,,,,,"At Machine Learning Reply Austria  we strive to work on leading-edge technology projects with our clients for which we are seeking GenAI Engineer consultants with a strong technical background.

Machine Learning Reply, with its sister companies in Italy and Germany and over 15000 employees at Reply globally, is a fast-growing consultancy focused on solving problems with Web Development, Cloud technologies, Data Platforms and the right organisational frameworks as their backbone. We are a tight knit, laid back, but seriously motivated unit that aims to be involved at conferences and in community of practice with our tech partners.

We offer tailor-made end-to-end cloud-based solutions that cover the entire project life cycle - from initial strategy consulting to data architecture and infrastructure issues to data processing and deployment of production-ready solutions.

We have a vast expertise in every step of the product implementation spectrum in all key industries of the German HDAX-companies. With focus on open source and cloud technologies we enable our customers to successfully introduce and implement new data-driven solutions and to optimise already existing processes and products while simultaneously adapting to cloud technologies

Tasks

Use your engineering know-how and work closely with our customers to help them assess and solve their most relevant pain points!

Identify and analyse problem solutions and discuss them with the customer.
Propose and discuss effective solutions and develop, optimise and deploy them into production
Develop state-of-the-art algorithms, implement them and automate workflows in an agile environment
Stay up to date on the cutting edge of technology and work together with market-leading technology companies
Be the point of connection between the technical team and management realising business need

What we offer you:

We offer you for this position according to the collective agreement for employees in data processing and information technology a gross monthly salary of at least € 3215 (Consultant) or € 4286 (Senior Consultant) depending on your previous experience.
Access to work on projects across industries (large and mid-market companies in Banking, Insurance, Automotive, Retail, etc.)
Very active group social program - including conference funding, team building, group events, Reply Exchange
Recognition for Innovation to foster your personal development
Work in an open, flat environment, within a broad Reply knowledge sharing network (more than 90 autonomous Reply groups across 8 countries)
Office space in downtown Vienna with access to Stammstrecke
Training and certification encouraged
Home-office contracts
State-of-the-art work equipment
Award winning office spaces for an excellent work experience
Public transport ticket within Vienna
Gym-membership subsidy for a gym of your choice
Flexible work environment between client, Reply office and remote work

Qualifications:

We are looking forward to your completed studies in computer science, mathematics, physics or comparable
Fluent in at least one of the following programming languages: Python, JavaScript, TypeScript, Rust
An extensive experience of working with Machine Learning and Deep Learning Frameworks: TensorFlow, PyTorch, Keras, Hugging Face Transformers
Hands on experience with Generative AI Models and Libraries: OpenAI's GPT models, DALL-E, Stable Diffusion, MidJourney, VAE, GANs
Hands-on experience with development of productive E2E web services and usage of related frameworks (e.g. Swagger, OpenAPI, Postman) and virtualisation technologies including Docker, LXC, VMs
An extensive experience of working with version control tools, such as Git and CI/CD Pipelines
Experience with major cloud providers, such as AWS or Azure
Experience with agile development concepts like Scrum
Excellent German skills, good English skills, and willingness to travel if required by the project

What are you waiting for?

Join our team at Machine Learning Reply as a GenAI Engineer!",,https://de.linkedin.com/company/machine-learning-reply-de,,,,,,,,,,,,,1,0%,0
li-4464246604,linkedin,https://www.linkedin.com/jobs/view/4464246604,,Universitätsassistent*in Postdoc,University of Vienna,"Vienna, Vienna, Austria",2026-09-11,,,,,,,False,,,,,"Universitätsassistent*in Postdoc (Fakultät für Psychologie)

Ihr Arbeitsumfeld: Die Fakultät für Psychologie der Universität Wien umfasst das Dekanat, ein StudienServiceCenter sowie vier Institute und die Forschungs-, Lehr- und Praxisambulanz. Die Position ist der neuen Professur für Psychotherapie und Psychotherapieforschung (Univ.-Prof. Dr. Thomas Probst) am Institut für Klinische und Gesundheitspsychologie angesiedelt. Die Arbeitsgruppe untersucht Prozesse und Wirksamkeit von Psychotherapie und therapeutischen Interventionen. Forschungsschwerpunkte der Professur sind:

Evidenzbasierung von Psychotherapie
Digitalisierung, z. B. KI, in der Psychotherapie
Einsatz psychologischer und neurowissenschaftlicher Methoden in der Psychotherapieforschung

Die Arbeitsgruppe setzt sich aktiv für offene und reproduzierbare Wissenschaft (z. B. durch Präregistrierung und das Teilen von Materialien und Daten) ein und schätzt diverse Perspektiven.

Das Machen Sie Konkret

Sie stärken ein Forschungsprofil im Bereich der Psychotherapieforschung.
Sie unterstützen Forschungsaktivitäten zum Einsatz von Künstlicher Intelligenz in der Psychotherapie.
Sie planen und führen eigene wissenschaftliche Studien durch.
Sie verfassen Publikationen in internationalen wissenschaftlichen Fachzeitschriften.
Sie halten Vorträge auf nationalen und internationalen wissenschaftlichen Konferenzen.
Mitwirkung bei Wissenschaftskommunikationsaktivitäten.
Sie beantragen Projekte und werben Drittmittel ein.
Mitwirkung an und selbstständige Abhaltung von Lehrveranstaltungen im Ausmaß der kollektivvertraglichen Bestimmungen.
Sie betreuen Studierende.
Sie wirken an Evaluationsmaßnahmen und Qualitätssicherung mit.
Sie übernehmen administrative Tätigkeiten in Forschung & Lehre.

Das Gehört Zu Ihrer Persönlichkeit

Abgeschlossenes Doktorats-/PhD-Studium in Psychologie oder ähnlichen Fächern.
Erfahrungen in Forschungsprojekten zu Mensch-KI-Interaktion, vorzugsweise im therapeutischen Kontext.
Fundierte Kenntnisse in KI, LLM, Conversational AI (Voicebots, Chatbots, KI-Avatare, KI-Videos, KI-Stimmen).
Fundierte Kenntnisse in fortgeschrittenen statistischen Methoden (z. B. Multilevel Modelling).
Durch mehrere internationale Publikationen in Fachzeitschriften mit Impact-Factor ausgewiesene Forschungskompetenz & -initiative.
Kenntnisse relevanter KI-Software.
Fähigkeit zu interdisziplinärer Zusammenarbeit.
Führungskompetenzen und Teamfähigkeit.
Sorgfältiges, selbständiges Arbeiten.
Hohes Verantwortungsgefühl.
Sehr gute Englisch- und Deutschkenntnisse (C1) in Wort und Schrift.

Wünschenswert Sind

Erfahrung mit und Interesse an innovativen Studiendesigns zur Erforschung des möglichen Nutzens von Künstlicher Intelligenz für die Psychotherapie.
Kenntnisse in Programmiersprachen von Vorteil.
Begonnene oder abgeschlossene Psychotherapieausbildung von Vorteil.
Arbeitserfahrung mit klinischen, psychisch belasteten Stichproben von Vorteil.
Kenntnisse in Psychophysiologie von Vorteil.

Was Wir Bieten

Work-Life-Balance: flexible Arbeitszeiten und Möglichkeit zum teilweisen Remote-Arbeiten in Absprache.
Inspirierendes Arbeitsklima: nettes und unterstützendes Team mit hervorragender Forschungsinfrastruktur und Anbindung an interdisziplinäre Forschungsinitiativen.
Unterstützung bei der Schärfung des Forschungsprofils und aktive Förderung der Weiterqualifikation.
Interne Weiterbildung und Coaching: kostenfreies Angebot von über 600 Workshops pro Jahr.
Befristeter Vertrag und faires Gehalt: Grundgehalt von EUR 5.014,30 (14 x jährlich), Erhöhung bei Anrechnung von Berufserfahrung möglich.
Die Stelle ist zunächst auf drei Jahre befristet. Bei guter Zusammenarbeit ist eine Verlängerung auf insgesamt 6 Jahre möglich.
Gute öffentliche Anbindung des Arbeitsplatzes.

Stellenanzeige automatisch mit KI zusammengefasst",,https://at.linkedin.com/school/univienna/,,,,,,,,,,,,,1,german,
li-4457350503,linkedin,https://www.linkedin.com/jobs/view/4457350503,,Senior AI Engineer (m/f/d) - Tieto Tech Consulting,Tieto,"Vienna, Vienna, Austria",2026-09-11,,,,,,,False,,,,,"Job Description

Do you want to build AI solutions that move beyond prototypes and deliver real value? Then this role is for you.

Tieto Tech Consulting is the leading digital accelerator for innovation and sustainable value creation. We combine business design with software engineering to bring digital business to life. With a team of around 300 highly qualified employees at our locations in Austria and Germany, and a global team of 8,000 colleagues, we are constantly striving to develop and grow. Our customers trust in our solutions, which is why we are continuously looking for new talents.

As a Senior AI Engineer, you will design and implement AI-enabled workflows in a modern, cloud-driven environment. From tailored agentic systems to the environments they run on, you will be at the forefront of transforming our customers' business processes in the era of AI.

Depending on the customer use case, you will work with Generative AI, large language models, AI agents, and cloud-native AI services. As part of a dynamic and fast-growing practice, you will help evaluate suitable technologies, shape new customer engagements, and turn promising prototypes into enterprise-grade solutions.

When joining Tieto Tech Consulting as a Senior AI Engineer (m/f/d), you

Design and build AI agents and workflows that solve concrete business problems
Take technical ownership of applied AI solutions - from architecture decisions to engineering standards and code quality
Build enterprise-grade solutions on modern AI platforms, mainly Azure
Set up the environments to operate agentic workloads at scale - GenAIOps, CI/CD, observability, systematic evaluation, and cost control
Work with our customers' data landscape - data pipelines, retrieval, and data quality, including how sensitive data is handled and access is controlled
Integrate AI solutions into our customers' existing IT landscape and hand them over cleanly to the teams that run them
Support pre-sales with technical scoping and effort estimates, and build our customers' own AI know-how through workshops and training
Grow the team through code reviews, knowledge sharing and technical mentoring

Who We Are Looking For

Hands-on experience building and deploying AI solutions in production, not just prototypes
Practical experience with LLM-based systems: RAG, agents, or comparable applied GenAI work
Strong software engineering skills in Python - testing, code structure, APIs, and CI/CD, not just notebooks
Good understanding of cloud-based AI architectures and production environments (preferably Azure)
A good understanding of data engineering and integration concepts
A structured approach to quality - you evaluate systems systematically rather than judging them by demo
Ability to communicate complex concepts clearly to technical and non-technical stakeholders
Professional working proficiency in German and English, enabling you to confidently communicate with customers and project teams

Nice to have

Experience with Azure AI services and GenAIOps / MLOps tooling
A background in classical machine learning (PyTorch, TensorFlow, scikit-learn), for the use cases where a trained model beats a prompt
Previous experience in consulting or customer-facing technology projects
Experience with AI governance or model evaluation
Experience mentoring engineers or owning technical workstreams

We know that great candidates do not always meet every requirement. If you are excited about the role and believe your experience could add value to our team, we encourage you to apply.

We believe you are a valuable team player who takes initiative and demonstrates responsibility in organizing your work and completing tasks. Communication is essential in our workplace, and we appreciate your willingness to both learn from and coach your colleagues. As technology continues to rapidly develop, we admire your drive to learn new and innovative technologies.

We offer

We offer you professional growth, meaningful projects, open culture, and an outstanding work-life balance!
We offer you an opportunity to create the future of a growing, fast-developing, and important sector.
We believe that our organizational culture is an important part of enabling you to be successful.
We provide a flexible hybrid work model as part of our culture and way of working.
Additionally, we offer benefits like laptop and smartphone also for private use, health programs, team events, excellent public transport connection, food vouchers, contribution to the costs of the Austrian “Klimaticket”, fresh fruits, the perfect environment to prosper professionally, and a lot more.
Finally, we also believe in curiosity and learning as a lifestyle where you need to unlearn and relearn every day as new possibilities emerge.

The annual gross salary for this position will start from € 75.000,00 on a full-time basis, depending on your qualifications and experience. Our aim is to provide you with a salary package that is both competitive and reflective of your relevant experience, while also aligning with current market standards.

Did we get you inspired?

We look forward to your online application!

Please attach your CV or LinkedIn-profile and we will reach out to you. If you have any questions regarding this role, please contact us: careers.austria@tieto.com

Please note that while we are happy to answer questions via email, we can only consider applications submitted through our online application system and therefore cannot accept applications sent directly by email.

Hope to hear from you soon!

Locations: Vienna, Linz, Graz, Regensburg, Berlin, remote in Germany

Additional Information

At Tieto, we believe in the power of diversity, equity, and inclusion. We encourage applicants of all backgrounds, genders (m/f/d), and walks of life to join our team, as we believe that this fosters an inspiring workplace and fuels innovation. Our commitment to openness, trust, and diversity is at the heart of our mission to create digital futures that benefit businesses, societies, and humanity.

Diversity, equity and inclusion | Sustainability | Tieto

Stay Alert To Recruitment Scams

 Tieto only communicates via @tieto.com email addresses.
 We never ask candidates to pay fees or share financial details during recruitment.
 If you receive a suspicious message claiming to be from Tieto, don't respond — verify it via our official careers site.
 For more information visit Important Advisory Regarding Recruitment Fraud | Tieto Blog",,https://www.linkedin.com/company/tieto,,,,,,,,,,,,,1,0%,0
li-4421898398,linkedin,https://www.linkedin.com/jobs/view/4421898398,,Data Engineer & BI Solution Expert,Experts Inside AG,"Vienna, Vienna, Austria",2026-09-11,,,,,,,False,,,,,"Jobbeschreibung

Worum geht es:
Als Data Engineer & BI Solution Expert unterstützt du Kunden dabei, aus Daten echte Klarheit zu gewinnen, nicht nur schöne Reports. Du bringst Daten zusammen, machst sie nutzbar und baust Lösungen, die im Alltag funktionieren, nicht nur im Konzept.

Dabei verbindest du technische Umsetzung mit dem Verständnis für die Situation beim Kunden und übersetzt Anforderungen in tragfähige Lösungen. Am Ende zählt, dass es läuft, vom Team angenommen wird und messbar etwas verändert.

Deine Aufgaben:
Konzeption und Umsetzung von Data- und BI‑Lösungen auf der Microsoft Plattform (Microsoft Fabric, Azure Data, Power BI)
Aufbau und Weiterentwicklung von Datenarchitekturen und skalierbaren Data Pipelines
Modellierung von Data Warehouses, Lakehouses und semantischen Modellen
Verarbeitung und Transformation grosser Datenmengen mit SQL, Spark (PySpark) und Dataflows
Erstellung von Dashboards und Reports in Power BI für verschiedene Zielgruppen
Sicherstellung von Datenqualität, Performance und Governance
Durchführung von Workshops, technischen Deep Dives, Lösungspräsentationen und Mitwirkung als Speaker bei Konferenzen 
Unterstützung im Presales bei Angeboten, Architektur- und Lösungsdesigns
Aufbau von Demos, Prototypen sowie Zusammenarbeit mit internen Fachteams
Weiterentwicklung von Best Practices sowie Einbindung von AI- und Copilot‑Funktionen in Lösungen

Deine Stärken:
Strukturierte Analyse- und Lösungskompetenz
Kommunikationsstärke: klar, zuhörend, verbindlich, komplexe technische Inhalte verständlich und zielgruppengerecht vermitteln

Business-Verständnis: technische Lösungen mit Kundennutzen verknüpfen
Eigeninitiative, Empathie, positive Energie.

Was wir dir bieten:
Ein Umfeld, das Expertise, Vertrauen und Weiterentwicklung fördert
Spannende Arbeit als Teil eines führenden Microsoft‑Partners
Flexible Arbeitszeiten und volle Ortsunabhängigkeit: Homeoffice bzw. mobiles Arbeiten aus der Schweiz, Deutschland, Österreich oder weiteren Orten in Europa.
Attraktive Vergütung deutlich über Marktstandard
Zusätzlich zum Gehalt einen Bonus für aussergewöhnliche Leistungen
Individuelle Weiterbildungs- und Entwicklungsmöglichkeiten. Du wächst in dem Bereich, in dem du deine Stärken weiter ausbauen möchtest.
Ein Team aus erfahrenen Experten, das sich gegenseitig unterstützt und Wissen offen teilt.
Flache Strukturen & kurze Entscheidungswege – du gestaltest mit und übernimmst Verantwortung.
Moderne Arbeitsbedingungen & wertschätzende Kultur, die dir ermöglicht, dein Bestes zu geben.
Möglichkeit auf ein Firmenfahrzeug
Firmenfahrrad
Essenzuschuss (LunchIT)
Einen Obstkorb, Kaffee und Firmenhandy aber das ist ja eh Mindeststandard ;-)

Über uns:
Experts Inside ist ein Beratungshaus für Microsoft-Technologien. Wir unterstützen Unternehmen dabei, Microsoft 365, Azure, Copilot, AI und die Power Platform erfolgreich einzusetzen, mit fundierter Expertise, klarer Umsetzung und spürbarem Kundennutzen. Als remote-first Team arbeiten wir vertrauensbasiert, stärkenorientiert und mit hoher Eigenverantwortung aus der Schweiz, Deutschland und Österreich sowie europaweit.

Stellenanforderungen

Sehr gutes Verständnis von Data Engineering, BI oder Analytics. Du kannst Konzepte erarbeiten und auch umsetzen.
Erfahrung im Microsoft‑Umfeld. Idealerweise mit Fabric, Azure Data Factory, Synapse, Databricks, Power BI, Azure Functions oder DevOps.
Interesse an AI-Themen ist ein Plus. Zum Beispiel Azure AI Services, Copilot Studio oder Foundry.
Du verstehst, wie Daten- und Cloud-Architekturen funktionieren. APIs und Integrationen sind dir nicht fremd.
Erfahrung im Consulting oder im direkten Kundenkontakt ist hilfreich. Workshops oder Präsentationen hast du im Griff.
Eigenständige, strukturierte Arbeitsweise und Spass an der Arbeit mit Menschen
Sehr gute Kommunikations- und Präsentationsfähigkeiten
Sehr gute Deutsch- und gute Englischkenntnisse in Wort und Schrift",,https://ch.linkedin.com/company/experts-inside,,,,,,,,,,,,,1,german,
li-4466076493,linkedin,https://www.linkedin.com/jobs/view/4466076493,,Senior Data Engineer (m/w/d),durchblicker.at | Powered by Netrisk Group,"Vienna, Austria",2026-09-11,,,,,,,False,,,,,"Wir sind durchblicker.at, Österreichs unabhängiges Online Tarifvergleichsportal. Mit unseren Services schaffen wir Transparenz im oft undurchschaubaren Tarifdschungel der Versicherungen, Strom & Gas-Tarife, Handy- & Internetverträge und Bankprodukte. Unsere innovativen Vergleichsrechner haben so schon vielen Kund:innen geholfen, viel Geld bei ihren Fixkosten zu sparen.

Daten treiben unsere Entscheidungen. Genau hier kommst du ins Spiel:
Als Senior Data Engineer bringst du Informationen aus unterschiedlichen Quellen zusammen und machst sie zuverlässig nutzbar. Du entwickelst skalierbare Modelle, automatisierst Abläufe und sorgst für klare Strukturen. So schaffst du eine verlässliche Basis für Analysen und Insights.
Dabei entlastest du unsere Teams von manuellen Aufgaben und hilfst ihnen, schneller die richtigen Entscheidungen zu treffen.

So bringst du dich ein:
Du baust Datenmodelle, Datenpipelines & strukturierte Datenflüsse auf und entwickelst sie laufend weiter.
Informationen aus Salesforce, Google Analytics/GA4 und weiteren Systemen führst du zusammen und schaffst eine einheitliche Datengrundlage.
Eine strukturierte und analytische Arbeitsweise sowie das eigenständige Hinterfragen von Zahlen und Zusammenhängen zeichnen dich aus. Durch klare Standards verbesserst du unsere Datenqualität und Dokumentation nachhaltig.
Fachanforderungen übersetzt du in skalierbare Datenlösungen und erklärst sie für alle verständlich. Best Practices rund um Datenmodellierung, Automatisierung und Data-Tools bringst du aktiv ein.
Mit smarten Automatisierungen reduzierst du die manuelle Datenaufbereitung und vereinheitlichst KPIs um Datensilos aufzubrechen.

Das macht dich zur Durchblicker:in:
Du bringst Erfahrung im Data Engineering mit oder hast bereits technisch bzw. pipeline-nah im Data Analytics Bereich gearbeitet.
SQL, Python und Git setzt du sicher und routiniert ein. Datenplattformen wie BigQuery oder Snowflake sind dir vertraut, ebenso Transformationstools wie Dataform oder dbt.
Dein Verständnis für Datenmodellierung, Datenpipelines und Datenqualität hilft dir eine passende Architektur aufzubauen.
Ein Plus aber kein Muss: Erfahrung mit Tools und Cloud-Plattformen wie Airflow, Power BI, oder GCP.
Von Vorteil sind auch Berührungspunkte mit Themen wie Data Governance, Data Observability oder Datenqualitätsprüfungen
z. B. Dataform Assertions, dbt Tests, Dataplex

Das erwartet dich bei uns:
Ein enger Austausch im Finance & Data Team, mit unserer IT und dem Data-Team der netrisk Group (Mutterkonzern).
Eine Rolle mit Gestaltungsspielraum, in der du unsere Datenlandschaft aktiv mitgestaltest.
Home Office bis zu 2 Tage pro Woche und 6 Wochen Urlaub.
Eine flexible und eigenständige Zeiteinteilung.
Wir unterstützen deine fachliche und persönliche Weiterentwicklung mit einem jährlichen Weiterbildungsbudget.
Ein motiviertes Umfeld, eine positive Arbeitsatmosphäre und coole Teamevents erwarten Dich.
Attraktive Benefits: Jahreskarte der Wiener Linien, Zuschuss zum Mittagessen, Mitgliedschaft für haelsi Gesundheitszentrum.

Wir freuen uns auf deine Bewerbung inklusive Lebenslauf. 
Ein Motivationsschreiben ist willkommen, aber keine Voraussetzung! 

Das gesetzliche Mindestgehalt beträgt € 35.490,00 brutto pro Jahr auf Vollzeitbasis.
Für diese Position ist ein Jahresbruttogehalt ab € 56.000,00 auf Vollzeitbasis vorgesehen mit Bereitschaft zur Überzahlung – Dein Gehalt vereinbaren wir individuell auf Basis Deiner Qualifikation und Erfahrung.",,https://at.linkedin.com/company/durchblicker-at,,,,,,,,,,,,,1,german,
li-4466073817,linkedin,https://www.linkedin.com/jobs/view/4466073817,,Data Platform Specialist (m/w/d),Wolfgang Denzel Auto AG,"Vienna, Vienna, Austria",2026-09-11,,,,,,,False,,,,,"Ihre Karriere in der DENZEL Gruppe

Die DENZEL-Gruppe ist einer der führenden Automobil-Mehrmarkenhändler und der Gesamtanbieter innovativer Mobilitätslösungen in Österreich. In dieser Funktion arbeiten Sie an der Weiterentwicklung und Betreuung der zentralen Analytics Plattform des Unternehmens. Dabei geht es darum, bestehende Lösungen zu verstehen, sinnvoll weiterzuentwickeln und gemeinsam mit den Fachbereichen stabile und nachhaltige Datenlösungen und Produkte zu schaffen.

Ihre Mission bei uns

Sie betreuen und entwickeln bestehende ETL-Prozesse, Datenbanken, sowie Datenmodelle kontinuierlich weiter und stellen deren robusten Betrieb sicher. 
Sie analysieren bestehende Lösungen, erkennen Optimierungspotenziale und setzen Verbesserungen gemeinsam mit dem Team um.
Sie beschäftigen sich mit Teilen unserer Quellsysteme in der Rolle des Datennutzers, deren Datenstrukturen, sowie fachlichen Zusammenhänge. Damit stellen Sie sicher, dass Daten korrekt und nachvollziehbar in der zentralen Datenplattform verarbeitet werden.
Sie unterstützen bei der Anbindung neuer Systeme und bei der Weiterentwicklung bestehender Integrationen über unterschiedliche Schnittstellentechnologien.
Sie arbeiten mit relationalen Datenbanken in PostgreSQL und unterstützen bei deren Optimierung und Weiterentwicklung.
Sie arbeiten eng mit Kolleg:innen aus IT und den Fachbereichen zusammen und übersetzen fachliche Anforderungen in technisch saubere Lösungen.

Ihr Profil als Zukunftsgestalter:in

Sie verfügen über eine abgeschlossene technische Ausbildung (HTL, FH, Universität) mit Schwerpunkt IT oder eine vergleichbare Qualifikation.
Sie bringen praktische Erfahrung im Umgang mit Datenbanken und Datenstrukturen mit – idealerweise in einer PostgreSQL-Umgebung.
Sie verfügen über sehr gute SQL-Kenntnisse (DDL & DML) und verstehen die Zusammenhänge relationaler Datenmodelle sowie die Funktionalität von Quellsystemen 
Sie haben Erfahrung in Python mit relevanten Data- bzw. Analytics-Libraries Vorteil.
Erfahrung in Softwareentwicklung, Schnittstellen, ETL bzw. Datenintegration ist wünschenswert.
Sie arbeiten strukturiert, selbstständig und lösungsorientiert, können gut mit unterschiedlichen Fachbereichen arbeiten und behalten auch bei komplexen Zusammenhängen den Überblick.
Erfahrung ist uns wichtiger als ein möglichst geradliniger Lebenslauf: Entscheidend sind für uns Ihr technisches Verständnis, Ihre praktische Erfahrung und Ihre Bereitschaft, gemeinsam mit dem Team langfristig gute Lösungen zu entwickeln.

Unser Versprechen an Sie

Eine langfristige Perspektive in einem etablierten österreichischen Unternehmen mit vielseitigen Geschäftsbereichen
Hohes Maß an Gestaltungsfreiheit, flache Hierarchien und kurze Entscheidungswege
Ein Umfeld, in dem Erfahrung, Verlässlichkeit und nachhaltige Lösungen geschätzt werden
Aus- und Weiterbildungsmöglichkeiten durch individuelles Coaching mit Fach-Expert:innen
Attraktive konzerninterne Leistungen (Autokauf und Bankleistungen, Vorsorge- und Gesundheitsangebote, Top-Rabatte bei Einkaufsplattformen …)
Ein attraktives und flexibles Arbeitszeitmodell mit Gleitzeit und Homeoffice

Wir suchen eine Person, die unser Team langfristig mit Erfahrung, technischem Verständnis und Freude an der Weiterentwicklung unserer Datenlandschaft unterstützt.

Wir bieten ein marktkonformes Monatsbruttogehalt (Handel-KV) ab EUR 4.000 brutto monatlich, eine Überzahlung entsprechend Ihren Erfahrungen und Kenntnissen ist für uns selbstverständlich. Was zählt ist Ihre Qualifikation und Ihr Wille etwas zu bewegen!

Recruiting 

Alexander Geburek

JOB ID

439

#ho

Über uns

Die DENZEL Gruppe steht seit 90 Jahren für Automotivkompetenz, unternehmerische Innovation und Wachstum. Durch die vielen Geschäftsbereiche innerhalb der DENZEL Gruppe können wir unbegrenzte Karrieremöglichkeiten in ganz Österreich anbieten. Sei es im Retail, mit unseren 21 Retailstandorten und 18 Verkaufs- und 5 Servicemarken | bei unseren Importmarken Hyundai, Mitsubishi, MG, Maxus & BYD | im Bankhaus DENZEL | im Immobilienbereich | bei Autoplus - der Zubehör- & Reifenfirma | oder der STROMBOX - Anbieter für unabhängige Energiesysteme. Als einer der führenden Automobil-Mehrmarkenhändler und Gesamtanbieter innovativer Mobilitätslösungen in Österreich stehen wir für Agilität, Mitgestaltung und ein starkes Wir-Gefühl.",,https://at.linkedin.com/company/wolfgang-denzel-auto-ag,,,,,,,,,,,,,1,german,
li-4465699223,linkedin,https://www.linkedin.com/jobs/view/4465699223,,Senior Data Scientist (m/f/d),kununu,"Vienna, Vienna, Austria",2026-09-10,,,,,,,False,,,,,"About The Job

We're looking for an experienced Senior Data Scientist to join our Data Science team. You'll drive the re-imagining of our recommendation landscape: a project that will change how millions of people experience kununu. You'll work on a platform with a lot of traffic, so you can go from an idea to real results within weeks. On top of that you'll build agentic, LLM-driven applications on one of the largest collections of workplace insights in the German-speaking world, with a fast-growing stream of fresh feedback data. If you like to test hypotheses quickly and see how your models perform under real product constraints, this is the place for you.

The gross annual salary for this position ranges between €60,000 and €82,000 depending on qualifications and experience.

Your Tasks

Drive the evolution of our recommendation landscape and shape how people discover employers, jobs and content on kununu.
Own the full data science process: from framing the problem and exploring the data to modelling, evaluation and production rollout.
Apply methods such as bandits and reinforcement learning to personalize content in a live, high-traffic environment.
Design and build LLM-driven, agentic applications on top of a large body of unstructured data, and set up solid evaluation for them, including LLM-as-a-judge approaches.
Work closely with product and engineering to turn business questions into data science problems and bring your models into the product.
Define with product what success looks like: choose the right metrics and evaluation strategy, run experiments, and turn hypotheses into empirical results within weeks.
ML-Lifecycle: Work with transformation tooling to build reproducible data foundations for your models, monitor quality and cost, and improve them over time.
Mentor more junior colleagues in the team: review their work, share your knowledge and help them grow.
Act as a sparring partner for the team lead on statistical methods, machine learning concepts and solution design. 

Your Skills

Several years of hands-on data science experience, including at least one recommendation or personalization system you brought to production.
A strong foundation in statistics and machine learning. Practical experience with multi-armed bandit experimentation or reinforcement learning is a big plus.
You are comfortable across classical machine learning problems such as classification, ranking and scoring, not only recommendations.
Real production experience with LLM-based applications: agentic tools, LLM judges and evaluation harnesses.
Solid Python and SQL skills. You are comfortable in a modern data warehouse and with transformation tools such as dbt.
You write clean, tested and reusable code, and you see version control and code reviews as a normal part of your work.
You explain complex results in simple terms to people outside data science, and you enjoy mentoring and giving constructive feedback. 

Your Benefits

Bring your dog to the office
6 week vacation
Mobile devices also for private use
Drinks, food & goodies
Restaurant vouchers and employee discount
Up to 12 weeks Workation
Remote work option
Trust-based working hours
Communication on equal terms

Your Contact

You still have questions?

Feel free to get in touch with me.

Barbara

Bárbara Serrano

Recruiting Manager

barbara.serrano@kununu.com",,https://at.linkedin.com/company/kununu,,,,,,,,,,,,,,,40
li-4464521309,linkedin,https://www.linkedin.com/jobs/view/4464521309,,Postdoctoral Researcher (Quantitative Methods) (m/f/d),Universität für Weiterbildung Krems,"Krems an der Donau, Lower Austria, Austria",2026-09-10,,,,,,,False,,,,,"Job Description:
University for Continuing Education Krems
 
 The University for Continuing Education Krems specializes in part-time academic continuing education. As a public university, it works with its expertise in teaching and research to overcome societal challenges. The university combines many years of experience in continuing academic education with innovation and the highest quality standards in research and teaching. 
As an employer, we offer around 700 employees an inspiring and flexible working environment in the unique Wachau World Heritage region.
 The following position is available in the Department for Migration and Globalisation at the Faculty of Business and Globalisation: 
 
 
 
 
 
 Postdoctoral Researcher (Quantitative Methods) (m/f/d) 
 
 
 40 hrs./week
Advertisement No. SB26-0125
 
 
 
 
 
 
 
 We are seeking an outstanding Postdoctoral Researcher with expertise in quantitative methods, survey research and causal inference to join the international ERC-funded research project MixedRivals, led by Assoc. Prof. Heidrun Bohnet. The position is expected to start on 1 January 2027.

About the project
The ERC project “Mixed (ar)rivals: Perceptions of Threat, Inequality, and the Risk of Violence between Different (Forced) Migrant Groups in North Africa” (MixedRivals) investigates relations between different (forced) migrant groups and the conditions under which these relations become conflictual or, alternatively, foster solidarity and social cohesion (see also: mixedrivals.com). In particular, the project examines how perceived threats, inequalities and competition shape inter-migrant relations and how these dynamics may contribute to social tensions, violence or cohesion.
 MixedRivals employs a comparative mixed-methods design, combining qualitative and quantitative research across five North African cities. Now in its third year, the project has collected qualitative data in Tunisia and Egypt, with qualitative data collection in Morocco forthcoming. Building on these insights, the project is expanding its quantitative component across Morocco, Tunisia and Egypt, combining survey research and embedded survey experiments.
 MixedRivals is carried out by an international and collaborative team consisting of the Principal Investigator, a research assistant, a PhD candidate, two postdoctoral researchers, and a project and communications manager. 
Your role
 As a postdoctoral researcher in the project, you take a leading role in the design, implementation and analysis of quantitative survey research on migration and inter-group relations in North Africa. Working closely with the Principal Investigator (PI) and an interdisciplinary international research team, you will co-lead the quantitative research across Morocco, Tunisia and Egypt, contribute to the project’s theoretical development, and develop high-quality international publications from the resulting data.

 In this position you will 
Survey leadership
Design and implement online surveys and embedded survey experiments (e.g. vignette and conjoint experiments) in LimeSurvey.
Lead questionnaire development in close consultation with the Principal Investigator (PI).
Coordinate survey implementation across Tunisia, Egypt, and Morocco, including social media-based participant recruitment.
Lead the analysis of survey and experimental data using advanced quantitative methods.
Data collection
Oversee the implementation of face-to-face survey in cooperation with a survey company in Morocco.
Ensure high standards of data quality, research ethics compliance and data management throughout the data collection process.
Contribute to and co-manage the coding of de facto (forced) migration policy data.
Research
Develop and submit at least two articles to leading international peer-reviewed journals based on the survey data, in co-authorship with the PI.
Contribute to theoretical development within the project and to further publications arising from MixedRivals.
Collaboration
Present project findings at international conferences, workshops and other academic events.
Contribute actively to project meetings, workshops, project documentation and grant reporting.
Collaborate closely with an interdisciplinary and international research team.

Your profile
We require evidence of the following qualifications for the application:
 
 Completed PhD in political science, conflict studies, social psychology, or a related social science discipline, preferably with distinction (the PhD degree must be awarded at the latest by 15th of December 2026).
Advanced expertise in quantitative methods, including inferential statistics and causal inference.
Demonstrated experience in the design, implementation and analysis of online surveys and survey experiments, combined with advanced quantitative skills in R and/or Stata.
A strong publication record in international peer-reviewed journals, appropriate to career stage, together with excellent analytical and academic writing skills.
Excellent command of English (minimum C1), both written and spoken. 
Strong organizational, interpersonal and communication skills, with the ability to work both independently and collaboratively in an international research team. 
Willingness to relocate to Austria and work regularly on site at Campus Krems.
 
 
 In addition, the following criteria are desirable:
 
 Previous research on inter-group perceptions, inequalities, (forced) migration and/or violence
Knowledge of or experience in North Africa, particularly Morocco
Knowledge of de facto migration policies in Africa
Experience with LimeSurvey or comparable survey software. 
Knowledge of qualitative research methods (e.g. interviews) and/or qualitative analysis software such as MAXQDA
Programming skills (e.g. Python)
Knowledge of French and/or Arabic
Previous experience working in international collaborative research projects

Your perspective
Full-time position (40 hours/week), initially limited to two years.
Minimum salary of EUR 5,014.30 gross per month (paid 14 times per year) on a full-time basis. 
Classification as a scientific project staff member according to § 49 VwGr. B1, of the Collective Agreement for University Staff (Kollektivvertrag für Universitäten) 
Innovative and international working environment at the Campus Krems
Flexible working hours and the option to work from home by agreement with line manager
Comprehensive training, professional development and coaching opportunities
Family-friendly working conditions and a wide range of services supporting work-life balance
Workplace health promotion programmes and a range of activities offered by the University Sports Institute (USI)
The Department for Migration and Globalisation is highly successful in acquiring third-party research funding: The department has led and contributed to many national and international research projects over the last 10 years and coordinated as well as co-operated in many European projects, which will allow the postdoctoral researcher to engage and exchange with colleagues on ongoing research. 
The University for Continuing Education Krems, located near Vienna, sees high innovation potential in the diversity of its employees and is committed to diversity as a guiding principle. We therefore explicitly invite people with disabilities and/or chronic illnesses who meet the required profile criteria to apply for the position. 

Contact:
 
 
 We look forward to receiving your compelling online application by 7 October 2026 via our online tool: https://www.donau-uni.ac.at/vacancies
 In order for your application to be considered, the following documents must be submitted: 
 Curriculum Vitae, including publication list and contact details for two or three references
Motivation letter clearly explaining how you could contribute to the project tasks and how the position fits with your previous and future research agenda
Two writing samples, preferably first-authored peer-reviewed publications or single-authored academic work (e.g. a chapter of your PhD thesis or a scientific article)
A brief description of your previous survey research experience, including the surveys and/or datasets you have worked with and your role in their design, implementation and/or analysis, together with appropriate supporting evidence where available
Copies of degrees and transcripts
The selection process will consist of two interview rounds. The first round is scheduled to take place via Zoom in October 2026. Shortlisted candidates will be invited to a second interview a few weeks later.",,https://at.linkedin.com/school/unikrems/,,,,,,,,,,,,,1,0%,0
li-4456360617,linkedin,https://www.linkedin.com/jobs/view/4456360617,,Senior Research Data Engineer,Canva,"Vienna, Vienna, Austria",2026-09-10,,,,,,,False,,,,,"Company Description

Join the team redefining how the world experiences design.

Servus, hey, g'day, mabuhay, kia ora, 你好, hallo, vítejte!

Thanks for stopping by. We know job hunting can be a little time consuming and you're probably keen to find out what's on offer, so we'll get straight to the point.

Where And How You Can Work

Our flagship campus is in Sydney, Australia but Austria is home to part of our European operations. And you have choice in where and how you work, we trust our Canvanauts to choose the balance that empowers them and their team to achieve their goals.

Fun fact, a big part of our Austrian operations is developing the AI product within Canva to help reimagine how artificial intelligence can be used in design. Pretty cool ha!

Job Description

At Canva, our mission is to empower the world to design. We’re building AI that feels magical and lands real impact for millions of people - helping anyone create with confidence. We're looking for a Machine Learning Engineer to own the data foundations that power our multimodal agent research—building the pipelines, datasets, and tooling that turn ambitious research ideas into trainable reality.

About The Team

We explore multimodal agentic architectures, build scalable training and evaluation loops, and partner closely with product and platform teams to turn breakthroughs into delightful product features. We are a cutting-edge research team, developing new multimodal agentic systems. We work on all topics of multimodal modelling, pre/post-training and design agents, we build scalable training and evaluation loops, and partner closely with product and platform teams to turn breakthroughs into delightful product features.

About The Role

You'll be responsible for the data lifecycle that fuels our agent research: from collection and curation through to preprocessing, quality assurance, and delivery into training pipelines. You'll work closely with research scientists to understand what data is needed, then design and build the systems to make it happen—reliably and at scale. You'll have significant autonomy over how data problems get solved, while aligning on what problems matter most with the broader team.

What You'll Do

Design and build data pipelines for agent training: collection, filtering, deduplication, formatting, and versioning across text, image, and multimodal sources.
Build and maintain infrastructure for efficient data loading, storage, and retrieval at scale (S3, distributed systems, streaming pipelines).
Collaborate with research scientists to translate research requirements into concrete data specifications, and iterate as experiments reveal new needs.
Create evaluation datasets and benchmarks in collaboration with researchers—curating task distributions that surface real failure modes.
Develop tooling for dataset construction—including human annotation workflows, synthetic data generation, and preference data collection for RLHF/DPO-style training.
Own data quality: build validation frameworks, monitor for drift and contamination, and establish standards that make datasets trustworthy and reproducible.
Document datasets thoroughly: provenance, known limitations, intended use cases, and versioning history.
Implement comprehensive test coverage for data pipelines and ML workflows, ensuring reliability and catching regressions early.
Elevate codebase quality through code reviews, refactoring, and establishing engineering best practices that help research velocity scale sustainably.
Contribute to team roadmaps by identifying data bottlenecks and proposing solutions that unblock research velocity.

You're likely a match if you have

Strong software engineering skills in Python, with experience building production-grade data pipelines and ML DevOps.
Practical experience with prompt engineering—designing, testing, and refining prompts for reliable LLM/VLM outputs.
Experience with ML data workflows: large-scale data processing and loading (Ray, or similar), data versioning, and format considerations for training (tokenization, batching, sharding).
Hands-on experience working with data pipelines for large-scale distributed ML training runs.
Familiarity with annotation tooling and human-in-the-loop data collection (Label Studio or internal systems).
Understanding of ML training requirements—you know what ""good data"" looks like for LLM/VLM fine-tuning and can anticipate downstream issues.
Experience loading and writing large datasets to/from cloud infrastructure (AWS) and distributed storage systems.
Strong communication skills: you can work with researchers to scope ambiguous problems and translate needs into actionable plans.
A collaborative approach, comfortable taking ownership and iterating quickly.

Nice to have

Experience with preference data collection for RLHF or reward modelling.
Familiarity with multimodal data (image-text pairs, video, design assets).
Experience building synthetic data generation pipelines using LLMs.
Background in data quality metrics and monitoring systems.
Contributions to dataset releases or benchmarks in the ML community.

Additional Information

Other stuff to know

We make hiring decisions based on your experience, skills and passion, as well as how you can enhance Canva and our culture. When you apply, please tell us the pronouns you use and any reasonable adjustments you may need during the interview process.

We celebrate all types of skills and backgrounds at Canva so even if you don’t feel like your skills quite match what’s listed above - we still want to hear from you!

Please note that interviews are conducted virtually.",,https://au.linkedin.com/company/canva,,,,,,,,,,,,,,,75
li-4463439510,linkedin,https://www.linkedin.com/jobs/view/4463439510,,Data & Business Intelligence Specialist (m/w/x),LARS NYSØM,"Vienna, Austria",2026-09-10,,,,,,,False,,,,,"Join us and discover the Beauty of Simplicity.

Bei LARS NYSØM verbinden wir modernes, minimalistisches Design mit hervorragender Funktionalität und bringen so Schönheit in alltägliche Gegenstände. Seit 2017 haben unsere mehrfach ausgezeichneten Produkte über 1.000.000 Kund:innen weltweit überzeugt – über Amazon in der EU, in UK, den USA, Kanada und Australien, über bol.com, Otto und unseren eigenen Shopify-Store.

Wir sind ein wachsendes E-Commerce-Unternehmen mit Sitz in Wien. Unser Team rund um die Gründer Patrick Fischer und Sebastian Fritz sucht Verstärkung für den Aufbau unseres Datenbereichs.

Wir haben in den letzten Jahren ein Data Warehouse auf SQL Server in der Azure-Cloud aufgebaut, in das sämtliche Absatz-, Report- und Lagerdaten aus unseren Marktplätzen automatisiert synchronisiert werden. Die technische Umsetzung dieser Pipelines liegt bei einem erfahrenen externen Data Engineer und bleibt dort. Was bisher fehlt, ist die Person im Haus, die diese Daten fachlich verantwortet, Dashboards und Analysen baut, die das Unternehmen tatsächlich steuern, und der Geschäftsführung im Controlling zur Seite steht.

Wien · Vollzeit (38,5 h, All-In) · Hybrid: 3–4 Tage im Büro, 1–2 Tage remote

DEINE AUFGABEN BEI LARS NYSØM

Datenqualität & Steuerung des Data Engineering
• Du bist die fachliche Anlaufstelle für unser Data Warehouse (Datenmodell, Definitionen, Kennzahlenlogik), sammelst und priorisierst Anforderungen an neue Datenquellen und Synchronisierungen und begleitest deren Umsetzung durch unseren externen Data Engineer (Briefing, Abnahme, Tests).
• Die Data Pipelines (neue Datenquellen) kommen von unserem externen Data Engineer; das Staging und die Weiterverarbeitung der Daten im SQL Server übernimmst du selbst oder gemeinsam mit ihm – vor allem über Stored Procedures und Views.
• Du sorgst für Datenkonsistenz und -qualität: Plausibilitätsprüfungen, Abgleich zwischen Marktplatz-Reports, Warehouse und Buchhaltung, Monitoring von Pipelines und Ausfällen.

Business Intelligence & Dashboards
Du bist Sparringpartner für alle Abteilungen (Marketplace-Management, Einkauf/Supply Chain, Marketing, Finance), hinterfragst Anforderungen, übersetzt sie in Kennzahlen und lieferst Lösungen.
Du konzipierst Dashboards gemeinsam mit den Business-Units: Mockups und Konzepte zur Vorabstimmung der Anforderungen, bevor gebaut wird – damit am Ende das Richtige auf dem Bildschirm steht.
Du setzt Dashboards und Analyse-Tools KI-gestützt mit Claude Code um (JavaScript-Frontends, Python-Backends) und hostest sie in unserer Azure-Umgebung.
Du erkennst proaktiv, wo Daten Entscheidungen verbessern könnten, baust die Lösung und bringst sie ins Team – ohne auf einen Auftrag zu warten.

Controlling
Du baust ein regelmäßiges Management-Reporting auf (Absatz, Deckungsbeitrag je SKU/Marktplatz/Land, Lagerreichweiten, Werbekosten, Retouren), unterstützt Forecast, Budget und Soll-Ist-Analysen und bereitest Handlungsempfehlungen für die Geschäftsführung vor.

DEINE STÄRKEN & QUALIFIKATIONEN

Abgeschlossene IT-HTL (Informatik, Wirtschaftsinformatik, Medientechnik o. Ä.), ein einschlägiges Studium oder eine gleichwertige Qualifikation – uns interessiert, was du kannst
Mindestens 2–3 Jahre relevante Berufserfahrung in BI, Data Analytics, Reporting oder Controlling
Sehr gutes SQL, idealerweise T-SQL auf SQL Server, inklusive Stored Procedures und Views für Staging und Datenaufbereitung
Erfahrung in der Konzeption von Dashboards: Du weißt, welche Kennzahlen auf welche Fläche gehören, wie man Anforderungen in ein Mockup übersetzt und wann ein Dashboard mehr verwirrt als hilft. Die Umsetzung erfolgt bei uns KI-gestützt mit Claude Code (JavaScript-Frontends, Python-Backends) – tiefe Programmiererfahrung ist keine Voraussetzung, technisches Verständnis schon
Grundkenntnisse in Python oder JavaScript von Vorteil, z. B. für Azure Function Apps oder kleinere Anpassungen
Offenheit für KI-gestütztes Arbeiten (Claude Code, Copilot o. Ä.) und Grundverständnis von Cloud-Umgebungen, bevorzugt Azure
Verständnis für E-Commerce-Kennzahlen und Interesse an betriebswirtschaftlichen Zusammenhängen
Du formulierst Anforderungen präzise und diskutierst mit einem Data Engineer auf Augenhöhe – ohne selbst die Pipelines schreiben zu müssen
Hands-on-Mentalität, strukturierte und eigenverantwortliche Arbeitsweise, Auge fürs Detail, gesunde Skepsis gegenüber Zahlen, die zu gut aussehen
Ausgezeichnete Deutsch- und gute Englischkenntnisse

Von Vorteil: Erfahrung mit Amazon Seller Central und der Amazon SP-API (Reports, Settlements, Inventory), mit Otto oder bol.com, Kenntnisse in Kosten- und Leistungsrechnung, Aufbau von Reporting-Strukturen in einem KMU

WIR BIETEN

Hohes Maß an Verantwortung vom ersten Tag an – du baust den Datenbereich auf, statt ihn zu übernehmen
Enge Zusammenarbeit mit den Gründern und Bereichsleitern von LARS NYSØM und kurze Entscheidungswege
Ein sauber aufgesetztes Data Warehouse als Basis: SQL Server auf Azure, Azure Functions (Python), JavaScript-Dashboards, Claude Code
Einbringen und Verwirklichung eigener Ideen
Positives, dynamisches Arbeitsumfeld mit flachen Hierarchien und flexiblen Arbeitszeiten
Zentrale Lage im Herzen von Wien (Nähe Schwedenplatz/Urania), 3–4 Tage im Büro, 1–2 Tage remote
Mitarbeiterrabatt auf das gesamte Sortiment
Beginn: so bald wie möglich

Gehalt: Für diese Position gilt der Kollektivvertrag für Angestellte im Handel; das kollektivvertragliche Mindestgehalt beträgt EUR 2.535,– brutto/Monat (Vollzeit, Stand 2026). Wir bieten ein All-In-Bruttojahresgehalt von EUR 50.000,– bis EUR 62.000,– je nach Qualifikation und Erfahrung, mit Bereitschaft zur weitergehenden Überzahlung.

BEWIRB DICH JETZT

Wenn du bereit bist, Verantwortung für unsere Daten zu übernehmen, freuen wir uns auf dich. Bewirb dich direkt hier über LinkedIn mit deinem Lebenslauf – statt eines Anschreibens interessiert uns ein Beispiel für ein Dashboard, ein Reporting oder eine Analyse, auf die du stolz bist (Screenshot, Repo-Link oder kurze Beschreibung reicht). Fragen vorab gern an jobs@larsnysom.com.",,https://at.linkedin.com/company/larsnysom,,,,,,,,,,,,,1,german,
li-4463425713,linkedin,https://www.linkedin.com/jobs/view/4463425713,,Senior Consultant im Bereich SAP Data & Analytics,KPMG Austria,"Vienna, Vienna, Austria",2026-09-10,,,,,,,False,,,,,"KPMG Austria

#teamKPMG: Persönlichkeiten, die mit Leidenschaft, Innovation und Weitblick die Zukunft nachhaltig mitgestalten!

Als Teammitglied im Technology Consulting erarbeitest Du gemeinsam mit erfahrenen Kolleg:innen maßgeschneiderte Konzepte für die vielseitigen Anforderungen unserer Kund:innen. Anschließend präsentierst Du Deine Lösungen und begleitest den Kunden bis zur fertigen Umsetzung.

Unterstütze ab sofort am Standort Wien oder Linz unseren stark expandierenden Geschäftsbereich mit Know-how, Engagement, Lernbereitschaft und Teamgeist!

Perspektiven

Herausfordernde und abwechslungsreiche Projekte im Bereich SAP Data & Analytics für führende nationale und internationale Unternehmen
Verantwortungsvolle und vielseitige Tätigkeiten innerhalb eines erfahrenen Teams
Mentoring- Programm, gezielte Aus- und Weiterbildung (z.B. Zertifizierungen, Schulungen) sowie Entwicklungsmöglichkeiten
Zahlreiche Benefits & Social Events
Mobile Work Möglichkeit (z.B. Homeoffice)

Aufgaben

Konzeption und Umsetzung von Datenmodellen in SAP BW und SAP Datasphere
Entwicklung von Dashboards, Stories und Anwendungen in der SAP Analytics Cloud (SAC)
Gestaltung und Implementierung von SAC-Planungsszenarien (Modellierung, Datenaktionen, Prozesse)
Durchführung von Anforderungs- und Design-Workshops, Stakeholder-Management
Technische und fachliche Streamlead-Verantwortung inkl. Koordination von Teilteams
Qualitätssicherung, Best Practices, Dokumentation und Knowledge-Transfer 
Einsatz moderner (AI‑gestützter) Tools zur Optimierung von Arbeitsprozessen

Kompetenzen

Tiefes Know-How in der Datenmodellierung mit SAP BW (inkl. LSA/LSA++) und SAP Datasphere
Fundierte Erfahrung in der Frontend-Entwicklung mit SAC (Story-Design, Analytics Designer, Berechtigungen)
Idealerweise Kenntnisse in SAP Business Data Cloud inkl. Integration mit SAP Databricks
Expertise in SAC-Planung (Planungsmodelle, Versionen, treiberbasierte Planung, Integration mit BW/Datasphere)
Sicher in Workshop-Moderation, Requirements-Engineering und agilen Methoden
Offenheit gegenüber dem Einsatz von Artificial Intelligence (AI) sowie die Bereitschaft, AI‑Tools aktiv und verantwortungsvoll im Arbeitsalltag zu nutzen
Ausgeprägte Kommunikations- und Führungskompetenz, proaktives Stakeholder-Management
Deutsch und Englisch fließend und hohe Kundenorientierung 

Wenn Du nicht alle Kompetenzen erfüllen, aber denkst, dass dies die richtige Stelle für Dich ist, laden wir Dich herzlich ein, sich zu bewerben. Wir freuen uns besonders über weibliche Verstärkung im Technology Consulting.

Diversität, Inklusion sowie Chancengleichheit haben bei KPMG einen hohen Stellenwert. Wir freuen uns auf Bewerbungen unabhängig von Geschlecht, Alter, Nationalität, ethnischer Herkunft, Religion, Behinderung, sexueller Orientierung und Identität.

Bei Fragen zu Barrierefreiheit oder Inklusion bei KPMG steht das Recruiting-Team zur Verfügung.

Das Mindestentgelt für diese Position beträgt EUR 60.000,-- brutto/Jahr (All-In). Bei entsprechender Qualifikation und Berufserfahrung besteht die Bereitschaft zur deutlichen Überzahlung. Weiters kannst Du in allen genannten Karrierelevels mit einer leistungsabhängigen, individuellen Prämie rechnen. Senior Consultant im Bereich SAP Data & Analytics",,https://at.linkedin.com/company/kpmg-austria,,,,,,,,,,,,,1,german,
